1.000000000000000000e+00,-9.936641387760991595e-01,9.987605525092004832e-01,2.716331190479962313e-02,-2.181919189236355364e-03,8.147379492922612182e-03,3.525285808266059862e-02,1.191226280241362012e-01,6.258568712493633480e-03,5.061378907621561646e-02,4.241191978325518225e-02
-9.936641387760991595e-01,1.000000000000000000e+00,-9.938739608475350984e-01,2.646745168543247761e-02,4.906751685011075809e-02,2.566976202920606687e-02,-7.423617845654246691e-03,-1.007681586310918975e-01,1.630450264211953659e-02,-3.478688238502177649e-02,-2.718108919103454785e-02
9.987605525092004832e-01,-9.938739608475350984e-01,1.000000000000000000e+00,2.873598078395270955e-02,7.828066217152783446e-03,1.009498273980779029e-02,4.079625077528520327e-02,1.225267935919923251e-01,9.571404100671872250e-03,5.350793044824660172e-02,4.388287231665488619e-02
2.716331190479962313e-02,2.646745168543247761e-02,2.873598078395270955e-02,1.000000000000000000e+00,5.114959982560215446e-01,5.372242149013903845e-01,3.917481173005447070e-01,2.454386780330151951e-01,3.298426220938187048e-01,2.061509008322272851e-01,2.063638672590187850e-01
-2.181919189236355364e-03,4.906751685011075809e-02,7.828066217152783446e-03,5.114959982560215446e-01,1.000000000000000000e+00,3.334089949400900754e-01,4.188118848501394820e-01,2.120185886045036217e-01,2.974077518234933826e-01,2.084501657201105196e-01,1.634220435040742159e-01
8.147379492922612182e-03,2.566976202920606687e-02,1.009498273980779029e-02,5.372242149013903845e-01,3.334089949400900754e-01,1.000000000000000000e+00,4.905595021789408428e-01,4.902832032581233013e-01,4.764327585365603079e-01,3.302605539036332916e-01,3.591681539122090761e-01
3.525285808266059862e-02,-7.423617845654246691e-03,4.079625077528520327e-02,3.917481173005447070e-01,4.188118848501394820e-01,4.905595021789408428e-01,1.000000000000000000e+00,5.527867088337902191e-01,6.627287799820148484e-01,5.370404294375686893e-01,3.655119977437571444e-01
1.191226280241362012e-01,-1.007681586310918975e-01,1.225267935919923251e-01,2.454386780330151951e-01,2.120185886045036217e-01,4.902832032581233013e-01,5.527867088337902191e-01,1.000000000000000000e+00,5.396520455939927130e-01,6.103168927961519774e-01,5.017101073213261486e-01
6.258568712493633480e-03,1.630450264211953659e-02,9.571404100671872250e-03,3.298426220938187048e-01,2.974077518234933826e-01,4.764327585365603079e-01,6.627287799820148484e-01,5.396520455939927130e-01,1.000000000000000000e+00,5.392349533904825520e-01,5.741642198063688918e-01
5.061378907621561646e-02,-3.478688238502177649e-02,5.350793044824660172e-02,2.061509008322272851e-01,2.084501657201105196e-01,3.302605539036332916e-01,5.370404294375686893e-01,6.103168927961519774e-01,5.392349533904825520e-01,1.000000000000000000e+00,4.663558863590950843e-01
4.241191978325518225e-02,-2.718108919103454785e-02,4.388287231665488619e-02,2.063638672590187850e-01,1.634220435040742159e-01,3.591681539122090761e-01,3.655119977437571444e-01,5.017101073213261486e-01,5.741642198063688918e-01,4.663558863590950843e-01,1.000000000000000000e+00
