1.000000000000000000e+00,5.030524367790873974e-01,5.236282861434705671e-01,5.330632378588200382e-01,3.755488707078641908e-01,3.146234752141121582e-01,2.237138493515168081e-01,1.836057380450243914e-01,2.441844505158642376e-01,1.813489032514341848e-01,1.681851600816864634e-01,1.892564175286720884e-01,2.178332761369356774e-01,1.216637225793274490e-01,1.464148741542978249e-01,1.318818212834803050e-01,1.013469740372447830e-01,1.210929347773106873e-01,9.588701612179950651e-02,8.515844509629019732e-02,1.146491996008866532e-01,8.015373337523302999e-02,8.089623591093370036e-02,9.146703699717834146e-02,6.432374293243477148e-02,6.556291456886698121e-02,5.067358153055363107e-02,2.594478135769541158e-02,5.126759183118631200e-03,-1.504312038079540226e-02,-1.591254255801645076e-02,-5.754553554197630420e-03
5.030524367790873974e-01,1.000000000000000000e+00,5.598403112320777808e-01,6.495359190525831217e-01,4.719290880308729674e-01,3.007796363368148151e-01,1.959353023011789763e-01,1.558234735577057051e-01,2.500491373327543565e-01,1.668821604876813969e-01,1.597414158450010113e-01,2.084688006770130109e-01,2.201715774522078339e-01,1.250005310094260136e-01,1.393215130223251774e-01,9.828442703708618888e-02,9.659778640171907960e-02,1.282961847637612840e-01,5.768582733978269705e-02,8.685814667120342336e-02,1.142368931766364754e-01,4.513641393349211023e-02,6.692953764427825303e-02,6.946914653201863299e-02,6.934804373403408162e-02,3.665680188125285816e-02,6.153185196855041200e-02,4.980313757021861965e-02,2.214093269044804108e-02,9.466797511649633137e-03,-6.603421117492691735e-03,-2.112537755215016227e-03
5.236282861434705671e-01,5.598403112320777808e-01,1.000000000000000000e+00,4.701560413095899893e-01,4.938405561170348124e-01,2.603184527833928841e-01,2.333232712125741237e-01,1.601035839001385963e-01,2.398264353327370646e-01,1.908463550507268069e-01,1.498773482503653887e-01,1.920232964360826522e-01,2.198679672805152474e-01,1.136331255767646098e-01,1.230045221847999026e-01,9.320869784060233088e-02,9.106442416466829781e-02,1.069115308447976115e-01,5.002736112390514939e-02,6.027202355034601278e-02,8.939211323199193482e-02,3.223367757498315361e-02,5.213316076391143195e-02,6.339338713059079755e-02,2.955776605566615839e-02,3.608747149703568635e-02,1.282294843478315460e-02,-8.995123072542847431e-03,-4.420617993985649814e-03,6.886746023401756241e-03,-3.837873662119018793e-03,-1.239656408293883516e-02
5.330632378588200382e-01,6.495359190525831217e-01,4.701560413095899893e-01,1.000000000000000000e+00,5.905483708741925408e-01,5.897817672907712527e-01,3.679707712726512647e-01,3.030839428981185191e-01,4.192885681265088316e-01,2.624836334418860218e-01,2.857143540279719618e-01,3.423668757079600944e-01,3.062821128156254513e-01,2.267113282417844433e-01,2.391952324411524278e-01,1.665080554479961283e-01,1.978640240286838325e-01,2.268024035276330619e-01,1.302907024204776332e-01,1.728601611185383025e-01,2.106392822738406001e-01,1.062519075554438502e-01,1.578149772357747282e-01,1.404467919059022574e-01,1.037081327626142163e-01,8.471560146366814703e-02,1.139789599787396496e-01,7.975637465206031340e-02,4.571469020111568193e-02,1.726457261657982425e-02,1.400417374164056490e-02,1.496841320453996989e-02
3.755488707078641908e-01,4.719290880308729674e-01,4.938405561170348124e-01,5.905483708741925408e-01,1.000000000000000000e+00,3.298666399883139477e-01,3.082390999326970471e-01,2.370689160726576761e-01,3.162678248870059994e-01,2.165192023298946611e-01,2.297877374735169398e-01,2.628225674297085535e-01,2.583969514457792882e-01,2.249737786936533424e-01,1.770983562772102948e-01,1.346996844802960669e-01,1.923176042627783577e-01,1.656003648238151826e-01,9.690590989807053302e-02,1.543887648233956134e-01,1.545473842048361024e-01,6.858266023657333399e-02,1.292740642683183339e-01,9.750323907956588709e-02,6.638141216809106959e-02,4.445353402650070035e-02,6.975660599775054815e-02,5.192814991314868844e-02,2.750020991293812556e-02,1.433817371315616700e-02,-2.517241670483276114e-02,6.073306691576238654e-03
3.146234752141121582e-01,3.007796363368148151e-01,2.603184527833928841e-01,5.897817672907712527e-01,3.298666399883139477e-01,1.000000000000000000e+00,4.823989997533238983e-01,5.160996838059833669e-01,5.453428761945948722e-01,3.464756975964227714e-01,3.992671476008227138e-01,4.282433439279830223e-01,3.129215940973091303e-01,3.063400310268514781e-01,2.670610552551100914e-01,1.765029668521324313e-01,2.553627224342220892e-01,2.276507286582044043e-01,1.456090517773560578e-01,1.942541531535561528e-01,2.064060689730357057e-01,1.177415525118619688e-01,1.690506453451399715e-01,1.314168117133211466e-01,1.012109085493626687e-01,6.439004825477065430e-02,1.075054969030177360e-01,6.030928842606953638e-02,4.847719238934287272e-02,6.463043529361117354e-03,2.322931490166045901e-02,2.348281590464076918e-02
2.237138493515168081e-01,1.959353023011789763e-01,2.333232712125741237e-01,3.679707712726512647e-01,3.082390999326970471e-01,4.823989997533238983e-01,1.000000000000000000e+00,5.367862641285670033e-01,6.076744891114277403e-01,4.694986835924957469e-01,2.677222225669145250e-01,4.766175913654830953e-01,3.745698386102667699e-01,2.600157930033499820e-01,2.786637646163516169e-01,2.049669727244696205e-01,2.331784251404005470e-01,2.390371040362289645e-01,1.443713151484682100e-01,1.793448908520453022e-01,2.191435351698052536e-01,1.140841452290736746e-01,1.634897801210546953e-01,1.552973181315309148e-01,7.867137253471359615e-02,7.762615657458153684e-02,9.644730231525487640e-02,5.669713628412281076e-02,4.979158685344085844e-02,1.112071381385313154e-02,2.686527540895281550e-04,-2.777123774678987348e-04
1.836057380450243914e-01,1.558234735577057051e-01,1.601035839001385963e-01,3.030839428981185191e-01,2.370689160726576761e-01,5.160996838059833669e-01,5.367862641285670033e-01,1.000000000000000000e+00,4.836930420494433003e-01,5.235840286140335254e-01,4.598658317203988544e-01,3.389487424046734865e-01,3.799175235135334172e-01,3.504045214725907131e-01,2.474976579121343223e-01,2.157728920867878764e-01,2.945284661210724186e-01,2.194242397664266653e-01,1.773162108370787138e-01,2.078687531244580167e-01,2.049174589690144765e-01,1.481191687366082699e-01,1.777361584574458919e-01,1.367490723409722775e-01,7.028039226817767160e-02,4.914780959388152792e-02,1.042277143029361752e-01,7.210684181633385259e-02,5.282625402938954245e-02,1.752218815574098018e-02,2.895488212646173121e-02,2.629780668598829738e-02
2.441844505158642376e-01,2.500491373327543565e-01,2.398264353327370646e-01,4.192885681265088316e-01,3.162678248870059994e-01,5.453428761945948722e-01,6.076744891114277403e-01,4.836930420494433003e-01,1.000000000000000000e+00,5.607017210996290135e-01,5.474041854844372557e-01,7.653141507389082943e-01,4.826456789498976274e-01,4.650446747023415095e-01,4.669579224789749961e-01,3.045342185451225814e-01,4.145771978830812277e-01,3.969621317189241938e-01,2.624982625212799459e-01,3.284650862259036463e-01,3.557595306598981266e-01,2.257749456131233901e-01,2.928976485604384838e-01,2.409000949691919580e-01,1.337572802929429538e-01,1.116597060007884223e-01,1.785531580496726722e-01,1.312116380078866551e-01,1.136146143813688836e-01,4.444825419913744219e-02,3.261670997967506397e-02,3.259841802923896248e-02
1.813489032514341848e-01,1.668821604876813969e-01,1.908463550507268069e-01,2.624836334418860218e-01,2.165192023298946611e-01,3.464756975964227714e-01,4.694986835924957469e-01,5.235840286140335254e-01,5.607017210996290135e-01,1.000000000000000000e+00,5.007805861632849131e-01,3.929245608443572846e-01,6.260075315553544906e-01,3.250540199738429226e-01,2.626633011541499862e-01,3.037093410568017515e-01,2.990343475579410049e-01,2.381902779702166073e-01,2.484033334326851417e-01,2.373736735220432770e-01,2.316974817408668508e-01,2.070802251800212546e-01,2.028856263421355555e-01,1.823909843387815921e-01,5.520494183234818386e-02,8.140746134796647548e-02,9.817705303595875010e-02,8.370457948476942023e-02,2.537999034870335249e-02,2.256181209811328539e-02,7.988295871070557122e-03,-6.512769615274152657e-03
1.681851600816864634e-01,1.597414158450010113e-01,1.498773482503653887e-01,2.857143540279719618e-01,2.297877374735169398e-01,3.992671476008227138e-01,2.677222225669145250e-01,4.598658317203988544e-01,5.474041854844372557e-01,5.007805861632849131e-01,1.000000000000000000e+00,4.622679690664940888e-01,4.516151598843193837e-01,6.828317207581424686e-01,4.211614613266518314e-01,3.323976750278204717e-01,5.740933453775689532e-01,3.665219195972401756e-01,3.024491412717871808e-01,4.410667094851854486e-01,3.566211546752408035e-01,2.768112017255021651e-01,3.801597134745965390e-01,2.145480815995124690e-01,9.438829188157031591e-02,7.802854286518472182e-02,1.752260663999704038e-01,1.443630206517174108e-01,8.840707354866797485e-02,5.475096725783129559e-02,4.301262342051800913e-02,4.355923805952199163e-02
1.892564175286720884e-01,2.084688006770130109e-01,1.920232964360826522e-01,3.423668757079600944e-01,2.628225674297085535e-01,4.282433439279830223e-01,4.766175913654830953e-01,3.389487424046734865e-01,7.653141507389082943e-01,3.929245608443572846e-01,4.622679690664940888e-01,1.000000000000000000e+00,5.074288306591644426e-01,4.816191151552255412e-01,5.598620951825247216e-01,3.216297663708023724e-01,4.346300047186681392e-01,4.692249841408897559e-01,2.879266685508931056e-01,3.607468081640559654e-01,4.128355701081259377e-01,2.507486164131334516e-01,3.258539735257813819e-01,2.836229875981159387e-01,1.609134850699834030e-01,1.143239576012071435e-01,1.984231687983044889e-01,1.459521725414378857e-01,1.134883554298675434e-01,4.702399234029598640e-02,2.769710151829921779e-02,4.755974499966102165e-02
2.178332761369356774e-01,2.201715774522078339e-01,2.198679672805152474e-01,3.062821128156254513e-01,2.583969514457792882e-01,3.129215940973091303e-01,3.745698386102667699e-01,3.799175235135334172e-01,4.826456789498976274e-01,6.260075315553544906e-01,4.516151598843193837e-01,5.074288306591644426e-01,1.000000000000000000e+00,4.474704615619614634e-01,3.697842643735006485e-01,5.029614009758055504e-01,4.020702858057162987e-01,3.290992261213196990e-01,3.844985963988585831e-01,3.264390904590743769e-01,3.124866912493876603e-01,3.196990731585298562e-01,2.961964056891394081e-01,2.375397751183731532e-01,1.174508869810169526e-01,1.072938567023989792e-01,1.705441367181141921e-01,1.212008485421614962e-01,7.792697671354388567e-02,5.134508866960703355e-02,3.351626918024674939e-02,3.429579611328353872e-02
1.216637225793274490e-01,1.250005310094260136e-01,1.136331255767646098e-01,2.267113282417844433e-01,2.249737786936533424e-01,3.063400310268514781e-01,2.600157930033499820e-01,3.504045214725907131e-01,4.650446747023415095e-01,3.250540199738429226e-01,6.828317207581424686e-01,4.816191151552255412e-01,4.474704615619614634e-01,1.000000000000000000e+00,5.124547081057124753e-01,4.370700873922735430e-01,7.965053752066221238e-01,4.378722672553970741e-01,3.935111713935083300e-01,6.019907925210256083e-01,4.129226110670748406e-01,3.467312190044525289e-01,5.065738343707174574e-01,2.543607566564275446e-01,1.475793003778913259e-01,1.073097194038027252e-01,2.225397021868676106e-01,1.468777226609160602e-01,1.504853619871652504e-01,5.915278149757365045e-02,6.158400058446744652e-02,6.455557761264256456e-02
1.464148741542978249e-01,1.393215130223251774e-01,1.230045221847999026e-01,2.391952324411524278e-01,1.770983562772102948e-01,2.670610552551100914e-01,2.786637646163516169e-01,2.474976579121343223e-01,4.669579224789749961e-01,2.626633011541499862e-01,4.211614613266518314e-01,5.598620951825247216e-01,3.697842643735006485e-01,5.124547081057124753e-01,1.000000000000000000e+00,5.171166686094573750e-01,5.008613343361485448e-01,8.053355181984355182e-01,4.500428770196235329e-01,3.904881168055754914e-01,6.707237783412672849e-01,3.795725886140247085e-01,3.553517226099799919e-01,5.165647264588462129e-01,2.707115085483083328e-01,2.477717190409664261e-01,3.189427278929496401e-01,2.341528820318788395e-01,2.179198683274903292e-01,1.000806507580126875e-01,9.533419873787431220e-02,1.007032736276770590e-01
1.318818212834803050e-01,9.828442703708618888e-02,9.320869784060233088e-02,1.665080554479961283e-01,1.346996844802960669e-01,1.765029668521324313e-01,2.049669727244696205e-01,2.157728920867878764e-01,3.045342185451225814e-01,3.037093410568017515e-01,3.323976750278204717e-01,3.216297663708023724e-01,5.029614009758055504e-01,4.370700873922735430e-01,5.171166686094573750e-01,1.000000000000000000e+00,5.141155888846947741e-01,4.549156323339656471e-01,7.548165840195275589e-01,4.020292056966676686e-01,4.261512999448457406e-01,6.138788569612647628e-01,3.549205542598137253e-01,3.785458991165063791e-01,1.025647931009695951e-01,1.433035763304291998e-01,1.997526891921311276e-01,1.168730896614861292e-01,1.336659646494322007e-01,3.449158807790957820e-02,7.028927331143235147e-02,5.344946968288264572e-02
1.013469740372447830e-01,9.659778640171907960e-02,9.106442416466829781e-02,1.978640240286838325e-01,1.923176042627783577e-01,2.553627224342220892e-01,2.331784251404005470e-01,2.945284661210724186e-01,4.145771978830812277e-01,2.990343475579410049e-01,5.740933453775689532e-01,4.346300047186681392e-01,4.020702858057162987e-01,7.965053752066221238e-01,5.008613343361485448e-01,5.141155888846947741e-01,1.000000000000000000e+00,5.078975161954957240e-01,4.811976084954479593e-01,7.461837237454278515e-01,4.825351477590482108e-01,4.195328304925349805e-01,6.193778908589664400e-01,2.848595536449667343e-01,1.651037701506824495e-01,1.188145196791268038e-01,2.532962981477786535e-01,1.691301537926736820e-01,1.489804356652838779e-01,5.896683161449716576e-02,6.648675731738454275e-02,7.092221007572335756e-02
1.210929347773106873e-01,1.282961847637612840e-01,1.069115308447976115e-01,2.268024035276330619e-01,1.656003648238151826e-01,2.276507286582044043e-01,2.390371040362289645e-01,2.194242397664266653e-01,3.969621317189241938e-01,2.381902779702166073e-01,3.665219195972401756e-01,4.692249841408897559e-01,3.290992261213196990e-01,4.378722672553970741e-01,8.053355181984355182e-01,4.549156323339656471e-01,5.078975161954957240e-01,1.000000000000000000e+00,5.187397758196059527e-01,4.297041158616786150e-01,8.053436432817459023e-01,4.256687701322062756e-01,3.827482211686881741e-01,6.146019538897602441e-01,3.446901576901932884e-01,2.940665575758613648e-01,3.820027911422552158e-01,2.733060151633444623e-01,2.462159975600961004e-01,1.139360209572535948e-01,1.128411830042653774e-01,1.048637980202705156e-01
9.588701612179950651e-02,5.768582733978269705e-02,5.002736112390514939e-02,1.302907024204776332e-01,9.690590989807053302e-02,1.456090517773560578e-01,1.443713151484682100e-01,1.773162108370787138e-01,2.624982625212799459e-01,2.484033334326851417e-01,3.024491412717871808e-01,2.879266685508931056e-01,3.844985963988585831e-01,3.935111713935083300e-01,4.500428770196235329e-01,7.548165840195275589e-01,4.811976084954479593e-01,5.187397758196059527e-01,1.000000000000000000e+00,5.154448647386203897e-01,5.093301540447444653e-01,8.026294435903410518e-01,4.430818924340826359e-01,4.656905820548246089e-01,1.241096167555472141e-01,1.761504551740525615e-01,2.442115022243810385e-01,1.692560210491406425e-01,1.600877630507998028e-01,4.905367725051942851e-02,8.233642364835291882e-02,7.093472175085401010e-02
8.515844509629019732e-02,8.685814667120342336e-02,6.027202355034601278e-02,1.728601611185383025e-01,1.543887648233956134e-01,1.942541531535561528e-01,1.793448908520453022e-01,2.078687531244580167e-01,3.284650862259036463e-01,2.373736735220432770e-01,4.410667094851854486e-01,3.607468081640559654e-01,3.264390904590743769e-01,6.019907925210256083e-01,3.904881168055754914e-01,4.020292056966676686e-01,7.461837237454278515e-01,4.297041158616786150e-01,5.154448647386203897e-01,1.000000000000000000e+00,5.219666429816927078e-01,4.494590331575828990e-01,8.008251063369955514e-01,2.464260896955056956e-01,1.551151053595522800e-01,7.881441046358146629e-02,2.519735582051507716e-01,1.692189654087673800e-01,1.426367596524772130e-01,4.028640671634714510e-02,3.993138531897381938e-02,4.809051083903972956e-02
1.146491996008866532e-01,1.142368931766364754e-01,8.939211323199193482e-02,2.106392822738406001e-01,1.545473842048361024e-01,2.064060689730357057e-01,2.191435351698052536e-01,2.049174589690144765e-01,3.557595306598981266e-01,2.316974817408668508e-01,3.566211546752408035e-01,4.128355701081259377e-01,3.124866912493876603e-01,4.129226110670748406e-01,6.707237783412672849e-01,4.261512999448457406e-01,4.825351477590482108e-01,8.053436432817459023e-01,5.093301540447444653e-01,5.219666429816927078e-01,1.000000000000000000e+00,5.193824221088745308e-01,4.848157356997845890e-01,7.493671972566119388e-01,4.107416091049697071e-01,3.541359598709169498e-01,4.657645442175903372e-01,3.326676709917512631e-01,2.827020341272420412e-01,1.324210351531023566e-01,1.151503366345544843e-01,1.294888473956206931e-01
8.015373337523302999e-02,4.513641393349211023e-02,3.223367757498315361e-02,1.062519075554438502e-01,6.858266023657333399e-02,1.177415525118619688e-01,1.140841452290736746e-01,1.481191687366082699e-01,2.257749456131233901e-01,2.070802251800212546e-01,2.768112017255021651e-01,2.507486164131334516e-01,3.196990731585298562e-01,3.467312190044525289e-01,3.795725886140247085e-01,6.138788569612647628e-01,4.195328304925349805e-01,4.256687701322062756e-01,8.026294435903410518e-01,4.494590331575828990e-01,5.193824221088745308e-01,1.000000000000000000e+00,5.054590929035717162e-01,5.232711567367736016e-01,1.072256539683985599e-01,1.859289200571715706e-01,2.558967385651479409e-01,1.863317758889152242e-01,1.596717629658087889e-01,5.775974244176544647e-02,7.686320051644277007e-02,8.029288814899891713e-02
8.089623591093370036e-02,6.692953764427825303e-02,5.213316076391143195e-02,1.578149772357747282e-01,1.292740642683183339e-01,1.690506453451399715e-01,1.634897801210546953e-01,1.777361584574458919e-01,2.928976485604384838e-01,2.028856263421355555e-01,3.801597134745965390e-01,3.258539735257813819e-01,2.961964056891394081e-01,5.065738343707174574e-01,3.553517226099799919e-01,3.549205542598137253e-01,6.193778908589664400e-01,3.827482211686881741e-01,4.430818924340826359e-01,8.008251063369955514e-01,4.848157356997845890e-01,5.054590929035717162e-01,1.000000000000000000e+00,2.508559923752606835e-01,1.525419645125410950e-01,6.641426326414345827e-02,2.620259115999022947e-01,1.694436362805090968e-01,1.532029884929116959e-01,5.849055599880398360e-02,6.276137857437030787e-02,5.910841535183766760e-02
9.146703699717834146e-02,6.946914653201863299e-02,6.339338713059079755e-02,1.404467919059022574e-01,9.750323907956588709e-02,1.314168117133211466e-01,1.552973181315309148e-01,1.367490723409722775e-01,2.409000949691919580e-01,1.823909843387815921e-01,2.145480815995124690e-01,2.836229875981159387e-01,2.375397751183731532e-01,2.543607566564275446e-01,5.165647264588462129e-01,3.785458991165063791e-01,2.848595536449667343e-01,6.146019538897602441e-01,4.656905820548246089e-01,2.464260896955056956e-01,7.493671972566119388e-01,5.232711567367736016e-01,2.508559923752606835e-01,1.000000000000000000e+00,4.447608707125226823e-01,4.946390136713946784e-01,4.713028458964100276e-01,3.568389048036557099e-01,2.786626153865027211e-01,1.344393931392613428e-01,1.310823895470675238e-01,1.308216765706145812e-01
6.432374293243477148e-02,6.934804373403408162e-02,2.955776605566615839e-02,1.037081327626142163e-01,6.638141216809106959e-02,1.012109085493626687e-01,7.867137253471359615e-02,7.028039226817767160e-02,1.337572802929429538e-01,5.520494183234818386e-02,9.438829188157031591e-02,1.609134850699834030e-01,1.174508869810169526e-01,1.475793003778913259e-01,2.707115085483083328e-01,1.025647931009695951e-01,1.651037701506824495e-01,3.446901576901932884e-01,1.241096167555472141e-01,1.551151053595522800e-01,4.107416091049697071e-01,1.072256539683985599e-01,1.525419645125410950e-01,4.447608707125226823e-01,1.000000000000000000e+00,5.388525874097481738e-01,6.235424163146574550e-01,4.328701037908553872e-01,3.186036572443955994e-01,1.389381879022373867e-01,1.375832748960401364e-01,1.412414777309213554e-01
6.556291456886698121e-02,3.665680188125285816e-02,3.608747149703568635e-02,8.471560146366814703e-02,4.445353402650070035e-02,6.439004825477065430e-02,7.762615657458153684e-02,4.914780959388152792e-02,1.116597060007884223e-01,8.140746134796647548e-02,7.802854286518472182e-02,1.143239576012071435e-01,1.072938567023989792e-01,1.073097194038027252e-01,2.477717190409664261e-01,1.433035763304291998e-01,1.188145196791268038e-01,2.940665575758613648e-01,1.761504551740525615e-01,7.881441046358146629e-02,3.541359598709169498e-01,1.859289200571715706e-01,6.641426326414345827e-02,4.946390136713946784e-01,5.388525874097481738e-01,1.000000000000000000e+00,4.813872655720800031e-01,4.879044817214149288e-01,3.154158955894479921e-01,1.777043998977572981e-01,1.756632473191862553e-01,1.495816526298604787e-01
5.067358153055363107e-02,6.153185196855041200e-02,1.282294843478315460e-02,1.139789599787396496e-01,6.975660599775054815e-02,1.075054969030177360e-01,9.644730231525487640e-02,1.042277143029361752e-01,1.785531580496726722e-01,9.817705303595875010e-02,1.752260663999704038e-01,1.984231687983044889e-01,1.705441367181141921e-01,2.225397021868676106e-01,3.189427278929496401e-01,1.997526891921311276e-01,2.532962981477786535e-01,3.820027911422552158e-01,2.442115022243810385e-01,2.519735582051507716e-01,4.657645442175903372e-01,2.558967385651479409e-01,2.620259115999022947e-01,4.713028458964100276e-01,6.235424163146574550e-01,4.813872655720800031e-01,1.000000000000000000e+00,5.738316933151867971e-01,5.640791886159621793e-01,2.415594961125050733e-01,1.944637886330983501e-01,2.461818074985278604e-01
2.594478135769541158e-02,4.980313757021861965e-02,-8.995123072542847431e-03,7.975637465206031340e-02,5.192814991314868844e-02,6.030928842606953638e-02,5.669713628412281076e-02,7.210684181633385259e-02,1.312116380078866551e-01,8.370457948476942023e-02,1.443630206517174108e-01,1.459521725414378857e-01,1.212008485421614962e-01,1.468777226609160602e-01,2.341528820318788395e-01,1.168730896614861292e-01,1.691301537926736820e-01,2.733060151633444623e-01,1.692560210491406425e-01,1.692189654087673800e-01,3.326676709917512631e-01,1.863317758889152242e-01,1.694436362805090968e-01,3.568389048036557099e-01,4.328701037908553872e-01,4.879044817214149288e-01,5.738316933151867971e-01,1.000000000000000000e+00,3.095727018261256180e-01,2.670753336359765195e-01,1.578060432342680008e-01,2.142394960520568048e-01
5.126759183118631200e-03,2.214093269044804108e-02,-4.420617993985649814e-03,4.571469020111568193e-02,2.750020991293812556e-02,4.847719238934287272e-02,4.979158685344085844e-02,5.282625402938954245e-02,1.136146143813688836e-01,2.537999034870335249e-02,8.840707354866797485e-02,1.134883554298675434e-01,7.792697671354388567e-02,1.504853619871652504e-01,2.179198683274903292e-01,1.336659646494322007e-01,1.489804356652838779e-01,2.462159975600961004e-01,1.600877630507998028e-01,1.426367596524772130e-01,2.827020341272420412e-01,1.596717629658087889e-01,1.532029884929116959e-01,2.786626153865027211e-01,3.186036572443955994e-01,3.154158955894479921e-01,5.640791886159621793e-01,3.095727018261256180e-01,1.000000000000000000e+00,4.371940304141354039e-01,4.075411238975435446e-01,4.288902691575754988e-01
-1.504312038079540226e-02,9.466797511649633137e-03,6.886746023401756241e-03,1.726457261657982425e-02,1.433817371315616700e-02,6.463043529361117354e-03,1.112071381385313154e-02,1.752218815574098018e-02,4.444825419913744219e-02,2.256181209811328539e-02,5.475096725783129559e-02,4.702399234029598640e-02,5.134508866960703355e-02,5.915278149757365045e-02,1.000806507580126875e-01,3.449158807790957820e-02,5.896683161449716576e-02,1.139360209572535948e-01,4.905367725051942851e-02,4.028640671634714510e-02,1.324210351531023566e-01,5.775974244176544647e-02,5.849055599880398360e-02,1.344393931392613428e-01,1.389381879022373867e-01,1.777043998977572981e-01,2.415594961125050733e-01,2.670753336359765195e-01,4.371940304141354039e-01,1.000000000000000000e+00,5.321658044519855801e-01,6.136229603156748702e-01
-1.591254255801645076e-02,-6.603421117492691735e-03,-3.837873662119018793e-03,1.400417374164056490e-02,-2.517241670483276114e-02,2.322931490166045901e-02,2.686527540895281550e-04,2.895488212646173121e-02,3.261670997967506397e-02,7.988295871070557122e-03,4.301262342051800913e-02,2.769710151829921779e-02,3.351626918024674939e-02,6.158400058446744652e-02,9.533419873787431220e-02,7.028927331143235147e-02,6.648675731738454275e-02,1.128411830042653774e-01,8.233642364835291882e-02,3.993138531897381938e-02,1.151503366345544843e-01,7.686320051644277007e-02,6.276137857437030787e-02,1.310823895470675238e-01,1.375832748960401364e-01,1.756632473191862553e-01,1.944637886330983501e-01,1.578060432342680008e-01,4.075411238975435446e-01,5.321658044519855801e-01,1.000000000000000000e+00,4.616933446444515532e-01
-5.754553554197630420e-03,-2.112537755215016227e-03,-1.239656408293883516e-02,1.496841320453996989e-02,6.073306691576238654e-03,2.348281590464076918e-02,-2.777123774678987348e-04,2.629780668598829738e-02,3.259841802923896248e-02,-6.512769615274152657e-03,4.355923805952199163e-02,4.755974499966102165e-02,3.429579611328353872e-02,6.455557761264256456e-02,1.007032736276770590e-01,5.344946968288264572e-02,7.092221007572335756e-02,1.048637980202705156e-01,7.093472175085401010e-02,4.809051083903972956e-02,1.294888473956206931e-01,8.029288814899891713e-02,5.910841535183766760e-02,1.308216765706145812e-01,1.412414777309213554e-01,1.495816526298604787e-01,2.461818074985278604e-01,2.142394960520568048e-01,4.288902691575754988e-01,6.136229603156748702e-01,4.616933446444515532e-01,1.000000000000000000e+00
