1.000000000000000000e+00,5.335614086935168698e-01,6.098244341886700504e-01,4.158796079923658406e-01,3.012714040987328201e-01,2.026201524111562180e-01,1.768771880874656088e-01,1.016570671938258064e-01,6.844388352971678136e-02,1.158446564225470155e-01,9.318526706562680478e-03,3.288420787882907759e-02,9.474221392597413638e-02,-1.989285700621718986e-02,2.131160968734701830e-03,5.678826832364039512e-02,-1.578184641696713658e-02,-2.335311159447504142e-02,4.962826548805764765e-02,5.549822292046713464e-03,-2.090704754153622710e-02,-2.440201342529259992e-02,-1.093778515080681517e-02,-2.068563068243800193e-02,-4.834952676492801880e-03,2.616997410755870970e-03,9.537681787551814672e-03
5.335614086935168698e-01,1.000000000000000000e+00,5.440002137111800140e-01,5.592723128774993446e-01,4.281046669051385978e-01,2.915376509703043184e-01,2.936635894855493811e-01,1.934704714055504315e-01,1.340088109647904202e-01,1.687897620553039379e-01,7.443693362726216955e-02,9.386200417867264501e-02,1.537957784348573942e-01,3.099546296426686567e-02,6.137097717929435037e-02,1.188086810329465615e-01,2.824180853573779459e-02,2.047171673546938422e-02,8.458379334836627073e-02,1.299656564768083417e-02,-7.315905234933778312e-03,7.407906078538494844e-03,-1.211905976327400103e-03,4.507473771237467675e-03,-1.310865690604739488e-02,3.797874294915765548e-03,1.119900670126297570e-02
6.098244341886700504e-01,5.440002137111800140e-01,1.000000000000000000e+00,4.871075657828869976e-01,5.111769926861757796e-01,3.213426212594608922e-01,3.112546116825096743e-01,1.926010297385600256e-01,1.444086972339222175e-01,1.528449186232426482e-01,5.945088420643637739e-02,1.052220176853164990e-01,1.332135393557274117e-01,2.206257997684720265e-02,4.974244993381946728e-02,8.492563865828395286e-02,2.087789426068831569e-02,1.596289906095287731e-02,7.356151826163359608e-02,3.544883710205071203e-02,-1.300880769406874936e-02,-3.295481364907280018e-03,-9.326028693698026201e-03,-1.227686444790316266e-02,-1.295715817745251956e-02,-3.562511220890767459e-03,1.681051997006187404e-02
4.158796079923658406e-01,5.592723128774993446e-01,4.871075657828869976e-01,1.000000000000000000e+00,4.455448013509236693e-01,4.697274451022582231e-01,2.981580217177693393e-01,1.967953218277509742e-01,1.212912911862831511e-01,1.741675140216011053e-01,9.077393571187537813e-02,8.103031571893806739e-02,1.489772662543287218e-01,6.269803515697169871e-02,7.076947566738203688e-02,1.152535384045907246e-01,5.568099343546321217e-02,3.016046597486033223e-02,9.317530548514257882e-02,3.713752860676601542e-02,3.592560699790187996e-04,7.701541654136705856e-03,1.569455526749944860e-02,-2.384673803733738245e-02,-2.069116088108844190e-02,-2.927995777658850066e-02,-2.145879270766422320e-02
3.012714040987328201e-01,4.281046669051385978e-01,5.111769926861757796e-01,4.455448013509236693e-01,1.000000000000000000e+00,5.742479061600085366e-01,6.820319311276841212e-01,4.445705421837674587e-01,3.963048082827329011e-01,3.311488408623102231e-01,2.235697817292308931e-01,3.222673348225740253e-01,2.941400432420291922e-01,1.670598580162523661e-01,2.389268777950201428e-01,2.234527735767967704e-01,1.420129352871487005e-01,1.705289199450830406e-01,1.878801752170253803e-01,8.875017180110221504e-02,2.416450762883748382e-02,3.099687201405171635e-02,3.953195727075785489e-03,-4.423074594188561304e-02,-4.036706223272271826e-02,-1.333992174277156585e-02,-1.927960898786860999e-02
2.026201524111562180e-01,2.915376509703043184e-01,3.213426212594608922e-01,4.697274451022582231e-01,5.742479061600085366e-01,1.000000000000000000e+00,4.361368096958860852e-01,4.239464550551486077e-01,2.921359784973075469e-01,2.522683464993500380e-01,2.493301018163347760e-01,2.448347753260579351e-01,2.315390757210564476e-01,1.937821282389389776e-01,1.819985460909606945e-01,1.651442127386777703e-01,1.645393444103819824e-01,1.260364449784267815e-01,1.424336526167952477e-01,7.787087181897861532e-02,1.526221954973719722e-02,2.572077503087347172e-02,2.903206070455432476e-03,-6.259774708067177007e-02,-4.406677021308776782e-02,-3.663564025625722781e-02,-3.564675404193599906e-02
1.768771880874656088e-01,2.936635894855493811e-01,3.112546116825096743e-01,2.981580217177693393e-01,6.820319311276841212e-01,4.361368096958860852e-01,1.000000000000000000e+00,4.811422671733607825e-01,5.517495774726113300e-01,3.667255293158808716e-01,2.635887552221769514e-01,4.475269240712057561e-01,3.253411484590188474e-01,1.988144741209268707e-01,3.417432163551433200e-01,2.510538082560577755e-01,1.741421121444122755e-01,2.449198079787957838e-01,2.053727564316336629e-01,1.150652636801271222e-01,3.877124493069818156e-02,2.967034183803377370e-02,-1.639960088079732772e-02,-5.356556253628239755e-02,-7.947736289080399585e-02,-3.066354788623799205e-02,-4.030903062143041671e-02
1.016570671938258064e-01,1.934704714055504315e-01,1.926010297385600256e-01,1.967953218277509742e-01,4.445705421837674587e-01,4.239464550551486077e-01,4.811422671733607825e-01,1.000000000000000000e+00,5.474192771756398734e-01,5.102220626951076143e-01,6.247162809722408561e-01,4.696241664488244871e-01,4.618206670051665519e-01,4.951280547426105683e-01,3.669883426388679259e-01,3.478357566416668822e-01,4.089037957311311700e-01,2.861961353476190073e-01,2.862854835469068604e-01,2.001661152378848285e-01,7.428029557809075201e-02,9.244135657794697036e-02,5.195755034253086296e-02,-5.445572746779579754e-02,-5.849116258980184557e-02,-4.663231211767954187e-02,-5.684552448533549546e-02
6.844388352971678136e-02,1.340088109647904202e-01,1.444086972339222175e-01,1.212912911862831511e-01,3.963048082827329011e-01,2.921359784973075469e-01,5.517495774726113300e-01,5.474192771756398734e-01,1.000000000000000000e+00,5.394863509320245720e-01,4.807685970641516482e-01,8.100056088751403927e-01,4.869811557958414472e-01,4.033664282607586915e-01,5.948207762849847535e-01,3.555857439000227882e-01,3.436309144057343445e-01,4.444470456671223424e-01,2.811580103781760043e-01,2.247595512874758505e-01,8.714739018981121355e-02,9.174291089425987145e-02,7.514066953166208956e-03,-4.728411160361606358e-02,-6.658199913412751747e-02,-5.041048743571253238e-02,-7.170764246592284397e-02
1.158446564225470155e-01,1.687897620553039379e-01,1.528449186232426482e-01,1.741675140216011053e-01,3.311488408623102231e-01,2.522683464993500380e-01,3.667255293158808716e-01,5.102220626951076143e-01,5.394863509320245720e-01,1.000000000000000000e+00,5.178672635715370065e-01,4.373829892329993974e-01,8.105000474900764251e-01,4.261652567836280991e-01,3.714950884169757050e-01,5.735569222285046287e-01,3.479980190349406532e-01,2.797493266399616596e-01,4.355520794542918073e-01,1.851295587636031525e-01,9.537349910945668030e-02,4.492577941993157464e-02,1.054019983491078123e-02,-5.671483122594201537e-02,-6.421297117249727404e-02,-3.679185129225735762e-02,-6.102339459192183263e-02
9.318526706562680478e-03,7.443693362726216955e-02,5.945088420643637739e-02,9.077393571187537813e-02,2.235697817292308931e-01,2.493301018163347760e-01,2.635887552221769514e-01,6.247162809722408561e-01,4.807685970641516482e-01,5.178672635715370065e-01,1.000000000000000000e+00,5.169936225860112256e-01,5.069675421628362377e-01,7.928145803686117432e-01,4.442997941171485388e-01,3.811606610391194971e-01,6.264297100977298527e-01,3.504721061818725225e-01,3.232779447143959706e-01,3.314329990620716870e-01,9.686466181086514360e-02,1.666545062355708762e-01,6.464608165855725841e-02,-6.336701659890825455e-02,-5.616657679842645967e-02,-7.389518822400342746e-02,-6.948554437614337664e-02
3.288420787882907759e-02,9.386200417867264501e-02,1.052220176853164990e-01,8.103031571893806739e-02,3.222673348225740253e-01,2.448347753260579351e-01,4.475269240712057561e-01,4.696241664488244871e-01,8.100056088751403927e-01,4.373829892329993974e-01,5.169936225860112256e-01,1.000000000000000000e+00,5.145884703372137770e-01,4.470371621152062214e-01,7.195359190141972228e-01,3.776065921532731351e-01,3.904305981669071168e-01,5.491241690923743812e-01,3.044757931223135428e-01,2.615030545733740830e-01,1.079532919239040573e-01,1.302508982982029384e-01,2.095119647863616374e-02,-5.001725450991108268e-02,-6.412714909504918515e-02,-5.201587643205005107e-02,-6.887987890503656507e-02
9.474221392597413638e-02,1.537957784348573942e-01,1.332135393557274117e-01,1.489772662543287218e-01,2.941400432420291922e-01,2.315390757210564476e-01,3.253411484590188474e-01,4.618206670051665519e-01,4.869811557958414472e-01,8.105000474900764251e-01,5.069675421628362377e-01,5.145884703372137770e-01,1.000000000000000000e+00,5.016231991915041100e-01,4.688372739559113489e-01,6.988728829818895427e-01,4.152581806990098268e-01,3.558031676148382116e-01,5.360040927042380998e-01,2.246569301768470694e-01,1.102064449237219468e-01,6.234155182370924170e-02,9.347728150748040379e-03,-6.281366201735574806e-02,-8.040196670138224921e-02,-5.354475304406688951e-02,-6.849337117420936649e-02
-1.989285700621718986e-02,3.099546296426686567e-02,2.206257997684720265e-02,6.269803515697169871e-02,1.670598580162523661e-01,1.937821282389389776e-01,1.988144741209268707e-01,4.951280547426105683e-01,4.033664282607586915e-01,4.261652567836280991e-01,7.928145803686117432e-01,4.470371621152062214e-01,5.016231991915041100e-01,1.000000000000000000e+00,5.182609945903274840e-01,4.267799228786519627e-01,7.803729248061312962e-01,4.176675772904143158e-01,3.726192989472302264e-01,4.075390087166238517e-01,1.202213995869607505e-01,1.957292542872234864e-01,9.125736486957447546e-02,-6.814474946223611496e-02,-4.928130018857502376e-02,-7.934020812484342267e-02,-7.266918864600739603e-02
2.131160968734701830e-03,6.137097717929435037e-02,4.974244993381946728e-02,7.076947566738203688e-02,2.389268777950201428e-01,1.819985460909606945e-01,3.417432163551433200e-01,3.669883426388679259e-01,5.948207762849847535e-01,3.714950884169757050e-01,4.442997941171485388e-01,7.195359190141972228e-01,4.688372739559113489e-01,5.182609945903274840e-01,1.000000000000000000e+00,5.197976489173316006e-01,5.031741688461854878e-01,7.661258925819831589e-01,4.170855245490847074e-01,3.572030605897823508e-01,1.470411174618322936e-01,1.839206204312615334e-01,4.010562298469408371e-02,-7.977720442755988073e-02,-8.521701550873216069e-02,-7.367438169415253812e-02,-8.633065649145435505e-02
5.678826832364039512e-02,1.188086810329465615e-01,8.492563865828395286e-02,1.152535384045907246e-01,2.234527735767967704e-01,1.651442127386777703e-01,2.510538082560577755e-01,3.478357566416668822e-01,3.555857439000227882e-01,5.735569222285046287e-01,3.811606610391194971e-01,3.776065921532731351e-01,6.988728829818895427e-01,4.267799228786519627e-01,5.197976489173316006e-01,1.000000000000000000e+00,5.100469328812430314e-01,4.222013549599454296e-01,7.475461088811097277e-01,2.623178510539473374e-01,1.480355400575959213e-01,8.597254529625475428e-02,4.159173304967660190e-02,-7.108250243536544388e-02,-6.988631469676573338e-02,-7.389599588945054698e-02,-7.968616684907871284e-02
-1.578184641696713658e-02,2.824180853573779459e-02,2.087789426068831569e-02,5.568099343546321217e-02,1.420129352871487005e-01,1.645393444103819824e-01,1.741421121444122755e-01,4.089037957311311700e-01,3.436309144057343445e-01,3.479980190349406532e-01,6.264297100977298527e-01,3.904305981669071168e-01,4.152581806990098268e-01,7.803729248061312962e-01,5.031741688461854878e-01,5.100469328812430314e-01,1.000000000000000000e+00,5.290712321254439354e-01,4.890497643928323757e-01,5.280296057504123564e-01,1.580378841792587918e-01,2.592780450801812631e-01,1.191974710164036833e-01,-5.419882755584731759e-02,-4.641450281939040606e-02,-8.517032704391462594e-02,-8.655344656109137391e-02
-2.335311159447504142e-02,2.047171673546938422e-02,1.596289906095287731e-02,3.016046597486033223e-02,1.705289199450830406e-01,1.260364449784267815e-01,2.449198079787957838e-01,2.861961353476190073e-01,4.444470456671223424e-01,2.797493266399616596e-01,3.504721061818725225e-01,5.491241690923743812e-01,3.558031676148382116e-01,4.176675772904143158e-01,7.661258925819831589e-01,4.222013549599454296e-01,5.290712321254439354e-01,1.000000000000000000e+00,4.860925612314350164e-01,4.250924235654773842e-01,1.984014251274157925e-01,2.298414787370248735e-01,4.586057361021751017e-02,-6.963937973229589184e-02,-7.016189577900609764e-02,-6.197192467399392085e-02,-8.284308020152303387e-02
4.962826548805764765e-02,8.458379334836627073e-02,7.356151826163359608e-02,9.317530548514257882e-02,1.878801752170253803e-01,1.424336526167952477e-01,2.053727564316336629e-01,2.862854835469068604e-01,2.811580103781760043e-01,4.355520794542918073e-01,3.232779447143959706e-01,3.044757931223135428e-01,5.360040927042380998e-01,3.726192989472302264e-01,4.170855245490847074e-01,7.475461088811097277e-01,4.890497643928323757e-01,4.860925612314350164e-01,1.000000000000000000e+00,3.454721656282618292e-01,2.298403366819334326e-01,1.456785958842252982e-01,7.869479236187663929e-02,-5.621135273403352756e-02,-7.032974208506667657e-02,-5.695797651392403571e-02,-7.750740062695023191e-02
5.549822292046713464e-03,1.299656564768083417e-02,3.544883710205071203e-02,3.713752860676601542e-02,8.875017180110221504e-02,7.787087181897861532e-02,1.150652636801271222e-01,2.001661152378848285e-01,2.247595512874758505e-01,1.851295587636031525e-01,3.314329990620716870e-01,2.615030545733740830e-01,2.246569301768470694e-01,4.075390087166238517e-01,3.572030605897823508e-01,2.623178510539473374e-01,5.280296057504123564e-01,4.250924235654773842e-01,3.454721656282618292e-01,1.000000000000000000e+00,4.418695848469930132e-01,4.422022020921471674e-01,3.099128327527902460e-01,1.820355816481982192e-01,1.068068382947879452e-01,4.466346975177999667e-02,-6.070779881935360785e-03
-2.090704754153622710e-02,-7.315905234933778312e-03,-1.300880769406874936e-02,3.592560699790187996e-04,2.416450762883748382e-02,1.526221954973719722e-02,3.877124493069818156e-02,7.428029557809075201e-02,8.714739018981121355e-02,9.537349910945668030e-02,9.686466181086514360e-02,1.079532919239040573e-01,1.102064449237219468e-01,1.202213995869607505e-01,1.470411174618322936e-01,1.480355400575959213e-01,1.580378841792587918e-01,1.984014251274157925e-01,2.298403366819334326e-01,4.418695848469930132e-01,1.000000000000000000e+00,5.207873731333122480e-01,5.585068850749044245e-01,3.573781405423671065e-01,2.210559729281247610e-01,1.955507877536761530e-01,9.707425735211809570e-02
-2.440201342529259992e-02,7.407906078538494844e-03,-3.295481364907280018e-03,7.701541654136705856e-03,3.099687201405171635e-02,2.572077503087347172e-02,2.967034183803377370e-02,9.244135657794697036e-02,9.174291089425987145e-02,4.492577941993157464e-02,1.666545062355708762e-01,1.302508982982029384e-01,6.234155182370924170e-02,1.957292542872234864e-01,1.839206204312615334e-01,8.597254529625475428e-02,2.592780450801812631e-01,2.298414787370248735e-01,1.456785958842252982e-01,4.422022020921471674e-01,5.207873731333122480e-01,1.000000000000000000e+00,4.800502567739020621e-01,4.544594189475575363e-01,2.619815688728953096e-01,2.314533412909191568e-01,1.300236803401559338e-01
-1.093778515080681517e-02,-1.211905976327400103e-03,-9.326028693698026201e-03,1.569455526749944860e-02,3.953195727075785489e-03,2.903206070455432476e-03,-1.639960088079732772e-02,5.195755034253086296e-02,7.514066953166208956e-03,1.054019983491078123e-02,6.464608165855725841e-02,2.095119647863616374e-02,9.347728150748040379e-03,9.125736486957447546e-02,4.010562298469408371e-02,4.159173304967660190e-02,1.191974710164036833e-01,4.586057361021751017e-02,7.869479236187663929e-02,3.099128327527902460e-01,5.585068850749044245e-01,4.800502567739020621e-01,1.000000000000000000e+00,4.304689794405123227e-01,4.500045648069350146e-01,2.622517937301186430e-01,1.915576541592909354e-01
-2.068563068243800193e-02,4.507473771237467675e-03,-1.227686444790316266e-02,-2.384673803733738245e-02,-4.423074594188561304e-02,-6.259774708067177007e-02,-5.356556253628239755e-02,-5.445572746779579754e-02,-4.728411160361606358e-02,-5.671483122594201537e-02,-6.336701659890825455e-02,-5.001725450991108268e-02,-6.281366201735574806e-02,-6.814474946223611496e-02,-7.977720442755988073e-02,-7.108250243536544388e-02,-5.419882755584731759e-02,-6.963937973229589184e-02,-5.621135273403352756e-02,1.820355816481982192e-01,3.573781405423671065e-01,4.544594189475575363e-01,4.304689794405123227e-01,1.000000000000000000e+00,5.731454192019952432e-01,6.032559926521331439e-01,3.966990137607749878e-01
-4.834952676492801880e-03,-1.310865690604739488e-02,-1.295715817745251956e-02,-2.069116088108844190e-02,-4.036706223272271826e-02,-4.406677021308776782e-02,-7.947736289080399585e-02,-5.849116258980184557e-02,-6.658199913412751747e-02,-6.421297117249727404e-02,-5.616657679842645967e-02,-6.412714909504918515e-02,-8.040196670138224921e-02,-4.928130018857502376e-02,-8.521701550873216069e-02,-6.988631469676573338e-02,-4.641450281939040606e-02,-7.016189577900609764e-02,-7.032974208506667657e-02,1.068068382947879452e-01,2.210559729281247610e-01,2.619815688728953096e-01,4.500045648069350146e-01,5.731454192019952432e-01,1.000000000000000000e+00,4.242212875430613761e-01,4.687445979464025525e-01
2.616997410755870970e-03,3.797874294915765548e-03,-3.562511220890767459e-03,-2.927995777658850066e-02,-1.333992174277156585e-02,-3.663564025625722781e-02,-3.066354788623799205e-02,-4.663231211767954187e-02,-5.041048743571253238e-02,-3.679185129225735762e-02,-7.389518822400342746e-02,-5.201587643205005107e-02,-5.354475304406688951e-02,-7.934020812484342267e-02,-7.367438169415253812e-02,-7.389599588945054698e-02,-8.517032704391462594e-02,-6.197192467399392085e-02,-5.695797651392403571e-02,4.466346975177999667e-02,1.955507877536761530e-01,2.314533412909191568e-01,2.622517937301186430e-01,6.032559926521331439e-01,4.242212875430613761e-01,1.000000000000000000e+00,4.840471021289646791e-01
9.537681787551814672e-03,1.119900670126297570e-02,1.681051997006187404e-02,-2.145879270766422320e-02,-1.927960898786860999e-02,-3.564675404193599906e-02,-4.030903062143041671e-02,-5.684552448533549546e-02,-7.170764246592284397e-02,-6.102339459192183263e-02,-6.948554437614337664e-02,-6.887987890503656507e-02,-6.849337117420936649e-02,-7.266918864600739603e-02,-8.633065649145435505e-02,-7.968616684907871284e-02,-8.655344656109137391e-02,-8.284308020152303387e-02,-7.750740062695023191e-02,-6.070779881935360785e-03,9.707425735211809570e-02,1.300236803401559338e-01,1.915576541592909354e-01,3.966990137607749878e-01,4.687445979464025525e-01,4.840471021289646791e-01,1.000000000000000000e+00
