1.000000000000000000e+00,4.977216012581945903e-01,5.297507072760547775e-01,6.142104670732256855e-01,3.586246717971999787e-01,3.199062364302220351e-01,3.297434309229068661e-01,2.866563272652279393e-01,2.651684035119636351e-01,2.147629925957533215e-01,1.901846410397892984e-01
4.977216012581945903e-01,1.000000000000000000e+00,4.583605789525015961e-01,5.480175762078302037e-01,5.525685131344811873e-01,3.084692392602996769e-01,3.964501763019974701e-01,3.957259087009644127e-01,2.376136200136376164e-01,2.800794910760193157e-01,1.940497270983091160e-01
5.297507072760547775e-01,4.583605789525015961e-01,1.000000000000000000e+00,4.387832718524513065e-01,6.181646078980297387e-01,5.013923725266830056e-01,3.979312138113661468e-01,5.001751044988266282e-01,3.484631610842477412e-01,3.044629863302678041e-01,3.016167758632078422e-01
6.142104670732256855e-01,5.480175762078302037e-01,4.387832718524513065e-01,1.000000000000000000e+00,4.058459232568388808e-01,3.927855342627692425e-01,5.065118964325792117e-01,3.328898385874127230e-01,3.714749516995989875e-01,3.017833404454786095e-01,2.261044786446244070e-01
3.586246717971999787e-01,5.525685131344811873e-01,6.181646078980297387e-01,4.058459232568388808e-01,1.000000000000000000e+00,4.704075714748380266e-01,6.197834703721279981e-01,6.730866763433515088e-01,3.453345908900924410e-01,4.742773977397303775e-01,3.396761949270328262e-01
3.199062364302220351e-01,3.084692392602996769e-01,5.013923725266830056e-01,3.927855342627692425e-01,4.704075714748380266e-01,1.000000000000000000e+00,4.984100014854970229e-01,5.516253674733970769e-01,6.468327116173335778e-01,3.369940590740314601e-01,4.232948033436505497e-01
3.297434309229068661e-01,3.964501763019974701e-01,3.979312138113661468e-01,5.065118964325792117e-01,6.197834703721279981e-01,4.984100014854970229e-01,1.000000000000000000e+00,4.850627051436015580e-01,6.173391021324974304e-01,5.716445140583713558e-01,3.388288632713852278e-01
2.866563272652279393e-01,3.957259087009644127e-01,5.001751044988266282e-01,3.328898385874127230e-01,6.730866763433515088e-01,5.516253674733970769e-01,4.850627051436015580e-01,1.000000000000000000e+00,4.295739512097477841e-01,5.494674427170688213e-01,4.896652116879476324e-01
2.651684035119636351e-01,2.376136200136376164e-01,3.484631610842477412e-01,3.714749516995989875e-01,3.453345908900924410e-01,6.468327116173335778e-01,6.173391021324974304e-01,4.295739512097477841e-01,1.000000000000000000e+00,4.405542952544252988e-01,5.216892753774058367e-01
2.147629925957533215e-01,2.800794910760193157e-01,3.044629863302678041e-01,3.017833404454786095e-01,4.742773977397303775e-01,3.369940590740314601e-01,5.716445140583713558e-01,5.494674427170688213e-01,4.405542952544252988e-01,1.000000000000000000e+00,4.340464808513589401e-01
1.901846410397892984e-01,1.940497270983091160e-01,3.016167758632078422e-01,2.261044786446244070e-01,3.396761949270328262e-01,4.232948033436505497e-01,3.388288632713852278e-01,4.896652116879476324e-01,5.216892753774058367e-01,4.340464808513589401e-01,1.000000000000000000e+00
