1.000000000000000000e+00,1.266105988236963520e-01,1.407107018153411215e-02,1.082941699236415894e-01,8.631367759539008977e-02,9.549312555149458426e-02,3.746687877790579047e-02,7.148607819835486876e-02,4.689992288290473210e-02,-2.916328508154710734e-03,4.163389539388442917e-02
1.266105988236963520e-01,1.000000000000000000e+00,8.854520425150431973e-02,5.226325241115867826e-01,3.060308059443530015e-01,3.412850026880296928e-01,1.831242591661907115e-01,1.093570599031708224e-01,1.863670822008691441e-01,-5.673284602648591413e-02,8.203025150934631360e-02
1.407107018153411215e-02,8.854520425150431973e-02,1.000000000000000000e+00,5.238316299282771982e-02,6.073247253300861903e-02,5.251050080451566404e-02,1.010457621407823657e-02,2.388826163300480920e-02,2.377458922363571633e-02,-9.957433712210932431e-01,4.210681925004624432e-02
1.082941699236415894e-01,5.226325241115867826e-01,5.238316299282771982e-02,1.000000000000000000e+00,5.794162562272088257e-01,5.942877339247872870e-01,3.400408747192049108e-01,1.892078324758029728e-01,3.903083543918461351e-01,-1.923641970293679324e-02,1.979269311227138117e-01
8.631367759539008977e-02,3.060308059443530015e-01,6.073247253300861903e-02,5.794162562272088257e-01,1.000000000000000000e+00,3.342191390931635864e-01,2.816145070385985827e-01,1.432563258499592873e-01,2.300148029694456253e-01,-3.222253388740727031e-02,8.841816650369122010e-02
9.549312555149458426e-02,3.412850026880296928e-01,5.251050080451566404e-02,5.942877339247872870e-01,3.342191390931635864e-01,1.000000000000000000e+00,4.868040883720566314e-01,4.491601182035483975e-01,5.820792159088623574e-01,-1.955881858120739683e-02,3.042196175068770381e-01
3.746687877790579047e-02,1.831242591661907115e-01,1.010457621407823657e-02,3.400408747192049108e-01,2.816145070385985827e-01,4.868040883720566314e-01,1.000000000000000000e+00,4.957552600929557851e-01,5.715293360935138622e-01,1.609957073158574045e-02,1.830614381387077882e-01
7.148607819835486876e-02,1.093570599031708224e-01,2.388826163300480920e-02,1.892078324758029728e-01,1.432563258499592873e-01,4.491601182035483975e-01,4.957552600929557851e-01,1.000000000000000000e+00,4.456307247268684324e-01,4.888492147912508121e-03,3.041739397802688538e-01
4.689992288290473210e-02,1.863670822008691441e-01,2.377458922363571633e-02,3.903083543918461351e-01,2.300148029694456253e-01,5.820792159088623574e-01,5.715293360935138622e-01,4.456307247268684324e-01,1.000000000000000000e+00,9.170141796610032855e-03,4.653208605054557911e-01
-2.916328508154710734e-03,-5.673284602648591413e-02,-9.957433712210932431e-01,-1.923641970293679324e-02,-3.222253388740727031e-02,-1.955881858120739683e-02,1.609957073158574045e-02,4.888492147912508121e-03,9.170141796610032855e-03,1.000000000000000000e+00,-1.440615347256568417e-02
4.163389539388442917e-02,8.203025150934631360e-02,4.210681925004624432e-02,1.979269311227138117e-01,8.841816650369122010e-02,3.042196175068770381e-01,1.830614381387077882e-01,3.041739397802688538e-01,4.653208605054557911e-01,-1.440615347256568417e-02,1.000000000000000000e+00
