1.000000000000000000e+00,5.081734892935745318e-01,4.622252819671712754e-01,5.444547063280384958e-01,3.417680271141367299e-01,3.383631729551121459e-01,2.368044002655980418e-01,1.664691517582744251e-01,2.120744660396690906e-01,1.840135544383423027e-01,1.572361427941168233e-01,1.662091988922249908e-01,1.169497129663462504e-01,1.220245766413510236e-01,1.258463132378800919e-01,9.854508250624267884e-02,6.706821566156172254e-02,6.352600103381438046e-02,1.112960523334969032e-01,4.026107873732029385e-02,6.278807797532778845e-02,7.123526292501521084e-02,4.120976824290350365e-02,4.656897386190268773e-02,1.005785409261533703e-02,-1.151542749467017110e-02,4.915548303246816166e-03,-1.565471521173792888e-02,2.963300972652047754e-02,3.530045169963624829e-02,1.991976295100322814e-02,1.515233479447689394e-02
5.081734892935745318e-01,1.000000000000000000e+00,5.405031063176397588e-01,6.141060530331364786e-01,5.278996122554078241e-01,2.855265873621422035e-01,2.448883197723362437e-01,1.588862872595309672e-01,2.062101394052816838e-01,1.836233762890344956e-01,1.388894247741478960e-01,1.697068490153827436e-01,1.157721673522534717e-01,1.142409562085312663e-01,1.422706567522672993e-01,9.959702493609214058e-02,7.730194730826214777e-02,9.929426760650093831e-02,1.015433831540185072e-01,5.998884927583793963e-02,9.595662126037812767e-02,7.614041502088972346e-02,6.411364148310379207e-02,7.964674307539371112e-02,4.934262509831335852e-02,-3.204656418252334847e-03,3.066899765496556088e-02,-1.358044399961005726e-02,2.449149120441987404e-02,-8.412309970309355192e-03,4.207773134559567203e-03,2.589091948846111019e-03
4.622252819671712754e-01,5.405031063176397588e-01,1.000000000000000000e+00,5.344914397905178305e-01,6.376132484909450282e-01,4.171477324581622792e-01,3.289377785148536182e-01,2.118252331044833403e-01,2.688946717601711778e-01,2.381324693978623119e-01,1.832036676670381337e-01,1.989458277987986579e-01,1.721367770571600453e-01,1.272064928626841229e-01,1.382013283510106216e-01,1.586795383868339626e-01,6.705228371779028973e-02,9.125910351585485303e-02,1.448577137213850341e-01,4.043208397657931108e-02,9.504865132106925241e-02,9.615136748223317154e-02,3.873790597891802606e-02,7.735635803680179778e-02,1.294515982646401824e-02,-2.076872619340095621e-02,1.031399981861334109e-02,-2.774916586901535892e-02,3.449162233664058302e-02,2.475968644238192226e-02,1.883902050479422524e-02,1.646648694638544116e-02
5.444547063280384958e-01,6.141060530331364786e-01,5.344914397905178305e-01,1.000000000000000000e+00,5.476726462880701085e-01,5.672932886936785657e-01,4.312027022293157263e-01,2.982021215975226847e-01,3.744831464952664835e-01,2.943796752205076195e-01,2.564322481989976810e-01,2.847831701375657665e-01,2.068515897551889138e-01,2.001087966972222576e-01,2.161007200399674422e-01,1.889232779583440436e-01,1.119669077188742146e-01,1.347162819313042492e-01,1.738314316932394188e-01,8.937089429536856922e-02,1.159996695830336211e-01,1.122747734249678192e-01,8.387515967940714634e-02,8.547308874128141387e-02,4.289965224750448558e-02,1.117614289829754921e-02,3.128698314074735559e-02,-9.676086199477299671e-03,3.862486587222693085e-02,2.126789243432077731e-02,1.010238915517322651e-02,1.017685242152075072e-02
3.417680271141367299e-01,5.278996122554078241e-01,6.376132484909450282e-01,5.476726462880701085e-01,1.000000000000000000e+00,3.939923513929818322e-01,4.256568862714106838e-01,2.845710211013313673e-01,3.237175457206747375e-01,3.051928615211307316e-01,2.098862989123409517e-01,2.503967558359938006e-01,2.051175899795941171e-01,1.416820615895741931e-01,2.003116129196002015e-01,1.712292898023753396e-01,9.573469482555434229e-02,1.381209143034637377e-01,1.547619397138651209e-01,7.071663246198642283e-02,1.208886031778353409e-01,9.500764455173693612e-02,7.253601005917306721e-02,1.001927266767252689e-01,4.339697563155999610e-02,-8.989567436608983733e-03,5.113038387624332937e-02,2.581505537204878669e-03,5.747474606356803989e-02,3.227614238968208593e-02,1.051022999723601192e-02,2.642919748085861137e-02
3.383631729551121459e-01,2.855265873621422035e-01,4.171477324581622792e-01,5.672932886936785657e-01,3.939923513929818322e-01,1.000000000000000000e+00,4.814282133061461577e-01,4.629676032257740159e-01,4.837593555784485133e-01,3.125235252369744643e-01,3.496663941042677526e-01,3.679637012282568898e-01,2.662825117155317445e-01,2.816942850888478067e-01,2.683719798581853944e-01,2.485143057544498268e-01,1.672872103452537895e-01,1.869647856321843271e-01,2.349911625324304920e-01,1.427199090454699393e-01,1.352501082141439048e-01,1.470776933716995694e-01,1.262413859515785497e-01,9.868498525910722463e-02,4.038500374159260942e-02,5.313282274523925194e-03,5.413760266235225632e-02,2.564227139691100353e-03,6.926833414872030081e-02,5.169458149894994720e-02,4.949042136706728601e-02,4.851718374367064435e-02
2.368044002655980418e-01,2.448883197723362437e-01,3.289377785148536182e-01,4.312027022293157263e-01,4.256568862714106838e-01,4.814282133061461577e-01,1.000000000000000000e+00,5.450884751751702284e-01,6.738669112623926205e-01,5.475700438233997991e-01,3.774021596019462854e-01,4.831872310999931197e-01,3.476188381565173402e-01,2.925760005485638082e-01,3.737365845715659995e-01,2.900922537713767069e-01,1.854485808861303098e-01,2.180473416464241976e-01,2.503678541854998940e-01,1.590514084852323318e-01,1.459379132268130430e-01,1.505096745694207983e-01,1.295534912136951378e-01,8.479347436932682669e-02,1.602977145919650195e-02,-2.098704448253929655e-02,1.602168338758464330e-02,-2.002366523789636879e-02,7.614588771956290816e-03,3.835301976719163869e-02,4.016762999993451870e-03,1.641561274348779737e-03
1.664691517582744251e-01,1.588862872595309672e-01,2.118252331044833403e-01,2.982021215975226847e-01,2.845710211013313673e-01,4.629676032257740159e-01,5.450884751751702284e-01,1.000000000000000000e+00,5.378962875159025714e-01,5.063984553329802241e-01,5.873895311236025929e-01,4.372574723844208644e-01,3.611135091236333805e-01,4.762128668002231224e-01,3.421237478583785130e-01,3.078190298445857565e-01,2.080249566523372229e-01,1.977010325614656505e-01,2.516297453881675694e-01,1.551158388764355966e-01,1.323737001653150502e-01,1.756614397139668882e-01,1.366165620052623431e-01,7.315336090971623351e-02,-1.349508106360126219e-02,-6.130787416819128213e-03,1.051068050504521713e-02,-1.146380554424833442e-02,3.646483570895278636e-02,5.796706330210226604e-02,3.883181868435737344e-02,3.583370454647050174e-02
2.120744660396690906e-01,2.062101394052816838e-01,2.688946717601711778e-01,3.744831464952664835e-01,3.237175457206747375e-01,4.837593555784485133e-01,6.738669112623926205e-01,5.378962875159025714e-01,1.000000000000000000e+00,5.075108455697870946e-01,5.425649961340474059e-01,6.471686726401472134e-01,3.207017545649075152e-01,3.968976829373473958e-01,4.918030994021840296e-01,2.632638549258950467e-01,2.138728899094943792e-01,2.589665977274824837e-01,2.411048657605073808e-01,1.994480721435907544e-01,1.513141789680822191e-01,1.645154484841792331e-01,1.689588493305082539e-01,9.399995001046136667e-02,1.871631224865032139e-02,-2.829108423388397575e-02,2.909752170639345187e-02,-2.437023108101405572e-02,3.312466197585754724e-02,1.044533451785822561e-02,2.299821919343206927e-02,1.151168472527606436e-02
1.840135544383423027e-01,1.836233762890344956e-01,2.381324693978623119e-01,2.943796752205076195e-01,3.051928615211307316e-01,3.125235252369744643e-01,5.475700438233997991e-01,5.063984553329802241e-01,5.075108455697870946e-01,1.000000000000000000e+00,4.512543641977407316e-01,3.894469391137250214e-01,5.363511875646677085e-01,3.391738441772180201e-01,3.161540344421221449e-01,4.402908999660308242e-01,2.394934177857103441e-01,2.235807372316674368e-01,3.561720616339628109e-01,1.894698129224421101e-01,1.631479922033475249e-01,2.367589465577870644e-01,1.610611249191829797e-01,1.059771604083855623e-01,2.311486911207374581e-02,1.376585481207934746e-02,5.309754583579713583e-02,-4.685110757019900901e-03,4.932987904961697728e-02,2.194921649517298651e-02,-4.703009577213706702e-03,2.000406214698978447e-02
1.572361427941168233e-01,1.388894247741478960e-01,1.832036676670381337e-01,2.564322481989976810e-01,2.098862989123409517e-01,3.496663941042677526e-01,3.774021596019462854e-01,5.873895311236025929e-01,5.425649961340474059e-01,4.512543641977407316e-01,1.000000000000000000e+00,5.093555012999664289e-01,4.917713581547662471e-01,7.385691773682975247e-01,4.141617667675389081e-01,4.309525681093862581e-01,3.748872652700208086e-01,2.567013834849640741e-01,3.568270812395356040e-01,2.902403256253480723e-01,1.605791319941816397e-01,1.993812850929574110e-01,2.366726364919807535e-01,8.688365552058430197e-02,1.928504696588081643e-02,-2.735817939351468941e-02,1.855751281887954574e-02,-3.890552697088093398e-02,7.669442006651360291e-03,-4.975166117078736079e-03,-8.612832360338249860e-04,-1.646279836055092316e-02
1.662091988922249908e-01,1.697068490153827436e-01,1.989458277987986579e-01,2.847831701375657665e-01,2.503967558359938006e-01,3.679637012282568898e-01,4.831872310999931197e-01,4.372574723844208644e-01,6.471686726401472134e-01,3.894469391137250214e-01,5.093555012999664289e-01,1.000000000000000000e+00,5.137561289475288673e-01,4.524557764151332928e-01,7.726446201933251379e-01,3.852282335725002449e-01,2.785260174835294533e-01,3.425490309362165808e-01,3.332423431008196268e-01,2.410128165988745519e-01,2.159034236528057926e-01,2.125462631887842790e-01,1.979781058190194232e-01,9.826639624600452816e-02,-4.181525877629543170e-02,-4.746051341950360131e-02,-1.971102023553136795e-02,-6.507669367455945486e-02,-7.891750336245240420e-05,-2.180506389393651809e-02,1.625884317950932259e-02,-1.460858229932790638e-02
1.169497129663462504e-01,1.157721673522534717e-01,1.721367770571600453e-01,2.068515897551889138e-01,2.051175899795941171e-01,2.662825117155317445e-01,3.476188381565173402e-01,3.611135091236333805e-01,3.207017545649075152e-01,5.363511875646677085e-01,4.917713581547662471e-01,5.137561289475288673e-01,1.000000000000000000e+00,5.241743843691298865e-01,4.841118100640062205e-01,8.026339889247374737e-01,4.392846810532677337e-01,3.512040217023639221e-01,6.383177302766074313e-01,3.331883737588012262e-01,2.415278790258499342e-01,3.532072787973267736e-01,2.738658766009285372e-01,1.409293315023446291e-01,1.042115888581927018e-02,-1.450447189987336648e-02,2.209553704811853536e-02,-4.509557104389117638e-02,7.881819158727767019e-03,-2.150982201238964622e-02,5.137918943487508605e-03,-1.430660665246768354e-02
1.220245766413510236e-01,1.142409562085312663e-01,1.272064928626841229e-01,2.001087966972222576e-01,1.416820615895741931e-01,2.816942850888478067e-01,2.925760005485638082e-01,4.762128668002231224e-01,3.968976829373473958e-01,3.391738441772180201e-01,7.385691773682975247e-01,4.524557764151332928e-01,5.241743843691298865e-01,1.000000000000000000e+00,5.070805541473831779e-01,4.925876274778725472e-01,4.721015817312254614e-01,2.903738046229542014e-01,4.256896057188811477e-01,3.723382450960381895e-01,1.992250877139915832e-01,2.615000565064373728e-01,3.012014760542579550e-01,1.068256658493667161e-01,1.097301194712898414e-02,-3.942887834492710131e-02,-5.225874719916597617e-04,-5.050491365410521988e-02,-1.831992450943007930e-02,-3.459733932844070992e-02,-7.138230099768508308e-03,-5.412175631702650924e-02
1.258463132378800919e-01,1.422706567522672993e-01,1.382013283510106216e-01,2.161007200399674422e-01,2.003116129196002015e-01,2.683719798581853944e-01,3.737365845715659995e-01,3.421237478583785130e-01,4.918030994021840296e-01,3.161540344421221449e-01,4.141617667675389081e-01,7.726446201933251379e-01,4.841118100640062205e-01,5.070805541473831779e-01,1.000000000000000000e+00,4.228290209905603558e-01,3.276422924331285347e-01,3.927130232624904682e-01,3.583104051334246032e-01,2.891209113621181492e-01,2.531230991926873841e-01,2.322853662222503779e-01,2.353490847065879410e-01,1.174743258619441455e-01,-3.816149319482915053e-02,-3.937262297785357190e-02,-2.330310229901468022e-02,-6.064104139401602783e-02,-2.313399143868211452e-02,-5.995216893134304448e-02,-6.626650281805091837e-03,-5.364116210685036801e-02
9.854508250624267884e-02,9.959702493609214058e-02,1.586795383868339626e-01,1.889232779583440436e-01,1.712292898023753396e-01,2.485143057544498268e-01,2.900922537713767069e-01,3.078190298445857565e-01,2.632638549258950467e-01,4.402908999660308242e-01,4.309525681093862581e-01,3.852282335725002449e-01,8.026339889247374737e-01,4.925876274778725472e-01,4.228290209905603558e-01,1.000000000000000000e+00,5.083257614993550444e-01,4.583046866624335691e-01,7.849472146829615804e-01,3.877434785563512176e-01,3.032502502606834738e-01,4.347820503228131961e-01,3.225628824652201909e-01,1.959487945147254107e-01,3.183699491047781160e-02,5.155626521438919779e-03,4.522333041069246523e-02,-2.940026923750306206e-02,6.827976608907109120e-03,-3.630618412615239932e-02,-7.231332758793157468e-04,-3.245069470285776719e-02
6.706821566156172254e-02,7.730194730826214777e-02,6.705228371779028973e-02,1.119669077188742146e-01,9.573469482555434229e-02,1.672872103452537895e-01,1.854485808861303098e-01,2.080249566523372229e-01,2.138728899094943792e-01,2.394934177857103441e-01,3.748872652700208086e-01,2.785260174835294533e-01,4.392846810532677337e-01,4.721015817312254614e-01,3.276422924331285347e-01,5.083257614993550444e-01,1.000000000000000000e+00,5.227845153704804293e-01,5.019435165025692980e-01,7.868286980142294995e-01,4.002685909571347400e-01,3.308954914897696553e-01,6.000706659120258468e-01,1.496504917117490729e-01,2.405305547715294243e-02,-3.820624568769987600e-02,2.477266909115765497e-02,-4.164933518684321712e-02,-3.182124868079558300e-02,-6.042309016264225952e-02,-2.236633209782214887e-02,-6.418201717765253944e-02
6.352600103381438046e-02,9.929426760650093831e-02,9.125910351585485303e-02,1.347162819313042492e-01,1.381209143034637377e-01,1.869647856321843271e-01,2.180473416464241976e-01,1.977010325614656505e-01,2.589665977274824837e-01,2.235807372316674368e-01,2.567013834849640741e-01,3.425490309362165808e-01,3.512040217023639221e-01,2.903738046229542014e-01,3.927130232624904682e-01,4.583046866624335691e-01,5.227845153704804293e-01,1.000000000000000000e+00,5.124027570801088505e-01,4.868779230812561032e-01,5.739431693661622980e-01,3.168239682928172818e-01,4.060998828315917630e-01,3.375647502887428320e-01,8.979864282758343030e-02,3.045436074789018358e-02,1.005231752321285865e-01,3.169699368773307852e-02,-4.214295008954658910e-03,-3.706561706790384436e-02,-1.116247542183176032e-02,-3.476359115808482642e-02
1.112960523334969032e-01,1.015433831540185072e-01,1.448577137213850341e-01,1.738314316932394188e-01,1.547619397138651209e-01,2.349911625324304920e-01,2.503678541854998940e-01,2.516297453881675694e-01,2.411048657605073808e-01,3.561720616339628109e-01,3.568270812395356040e-01,3.332423431008196268e-01,6.383177302766074313e-01,4.256896057188811477e-01,3.583104051334246032e-01,7.849472146829615804e-01,5.019435165025692980e-01,5.124027570801088505e-01,1.000000000000000000e+00,4.689917578886113048e-01,3.953524671854745098e-01,5.292016485930203240e-01,3.952202333246648824e-01,2.756584885822128683e-01,1.030824921228037094e-01,4.249021357457044568e-02,1.037436080086626272e-01,1.417157808614319565e-02,2.051200839987719904e-02,-5.032584606659202403e-02,-1.440639726757364340e-02,-3.132427571070247468e-02
4.026107873732029385e-02,5.998884927583793963e-02,4.043208397657931108e-02,8.937089429536856922e-02,7.071663246198642283e-02,1.427199090454699393e-01,1.590514084852323318e-01,1.551158388764355966e-01,1.994480721435907544e-01,1.894698129224421101e-01,2.902403256253480723e-01,2.410128165988745519e-01,3.331883737588012262e-01,3.723382450960381895e-01,2.891209113621181492e-01,3.877434785563512176e-01,7.868286980142294995e-01,4.868779230812561032e-01,4.689917578886113048e-01,1.000000000000000000e+00,5.069412469843749269e-01,4.280390417091474720e-01,7.638554022587494829e-01,2.016610137922780766e-01,3.879221228438708285e-02,-3.087647389483598112e-02,5.926359307471903287e-02,-3.412332305909276248e-02,-2.269364163659582864e-02,-9.103313703722157313e-02,-4.942292486050096217e-02,-7.031274905103478134e-02
6.278807797532778845e-02,9.595662126037812767e-02,9.504865132106925241e-02,1.159996695830336211e-01,1.208886031778353409e-01,1.352501082141439048e-01,1.459379132268130430e-01,1.323737001653150502e-01,1.513141789680822191e-01,1.631479922033475249e-01,1.605791319941816397e-01,2.159034236528057926e-01,2.415278790258499342e-01,1.992250877139915832e-01,2.531230991926873841e-01,3.032502502606834738e-01,4.002685909571347400e-01,5.739431693661622980e-01,3.953524671854745098e-01,5.069412469843749269e-01,1.000000000000000000e+00,5.197266824065326363e-01,5.122367021997429326e-01,6.837453116047426116e-01,3.110542222736045748e-01,1.834278025699039028e-01,3.634429559955386080e-01,1.738400221471852192e-01,1.090403536463633583e-01,-1.020037589792252702e-01,-9.176521947917669342e-02,-6.820099966702886096e-02
7.123526292501521084e-02,7.614041502088972346e-02,9.615136748223317154e-02,1.122747734249678192e-01,9.500764455173693612e-02,1.470776933716995694e-01,1.505096745694207983e-01,1.756614397139668882e-01,1.645154484841792331e-01,2.367589465577870644e-01,1.993812850929574110e-01,2.125462631887842790e-01,3.532072787973267736e-01,2.615000565064373728e-01,2.322853662222503779e-01,4.347820503228131961e-01,3.308954914897696553e-01,3.168239682928172818e-01,5.292016485930203240e-01,4.280390417091474720e-01,5.197266824065326363e-01,1.000000000000000000e+00,5.064864387999781226e-01,4.224900530044553015e-01,1.051393713366592236e-01,8.401324686965580546e-02,2.133254583090493928e-01,3.300948409358042679e-02,1.271685830850565191e-01,-5.518198821605976162e-02,-6.616221710501493658e-02,-3.383787061792497414e-02
4.120976824290350365e-02,6.411364148310379207e-02,3.873790597891802606e-02,8.387515967940714634e-02,7.253601005917306721e-02,1.262413859515785497e-01,1.295534912136951378e-01,1.366165620052623431e-01,1.689588493305082539e-01,1.610611249191829797e-01,2.366726364919807535e-01,1.979781058190194232e-01,2.738658766009285372e-01,3.012014760542579550e-01,2.353490847065879410e-01,3.225628824652201909e-01,6.000706659120258468e-01,4.060998828315917630e-01,3.952202333246648824e-01,7.638554022587494829e-01,5.122367021997429326e-01,5.064864387999781226e-01,1.000000000000000000e+00,2.764068800658602276e-01,1.470411594688201262e-01,2.639722309990356897e-02,1.591460156593228759e-01,3.366289167355424744e-02,1.454531372817883042e-02,-1.061680779313082384e-01,-7.310369523504049727e-02,-5.900372509503033075e-02
4.656897386190268773e-02,7.964674307539371112e-02,7.735635803680179778e-02,8.547308874128141387e-02,1.001927266767252689e-01,9.868498525910722463e-02,8.479347436932682669e-02,7.315336090971623351e-02,9.399995001046136667e-02,1.059771604083855623e-01,8.688365552058430197e-02,9.826639624600452816e-02,1.409293315023446291e-01,1.068256658493667161e-01,1.174743258619441455e-01,1.959487945147254107e-01,1.496504917117490729e-01,3.375647502887428320e-01,2.756584885822128683e-01,2.016610137922780766e-01,6.837453116047426116e-01,4.224900530044553015e-01,2.764068800658602276e-01,1.000000000000000000e+00,4.898294441538916244e-01,4.248704498671219132e-01,5.640828530098099813e-01,3.493537736600391130e-01,2.756495817074197108e-01,-9.326990856034984498e-03,-2.592389252846597283e-02,9.971923301299853715e-03
1.005785409261533703e-02,4.934262509831335852e-02,1.294515982646401824e-02,4.289965224750448558e-02,4.339697563155999610e-02,4.038500374159260942e-02,1.602977145919650195e-02,-1.349508106360126219e-02,1.871631224865032139e-02,2.311486911207374581e-02,1.928504696588081643e-02,-4.181525877629543170e-02,1.042115888581927018e-02,1.097301194712898414e-02,-3.816149319482915053e-02,3.183699491047781160e-02,2.405305547715294243e-02,8.979864282758343030e-02,1.030824921228037094e-01,3.879221228438708285e-02,3.110542222736045748e-01,1.051393713366592236e-01,1.470411594688201262e-01,4.898294441538916244e-01,1.000000000000000000e+00,5.363950367165921662e-01,6.193054793515787582e-01,5.341259041837093102e-01,1.595527740577357412e-01,7.726907253745771663e-03,-5.154003770416023394e-02,1.803261476489569429e-02
-1.151542749467017110e-02,-3.204656418252334847e-03,-2.076872619340095621e-02,1.117614289829754921e-02,-8.989567436608983733e-03,5.313282274523925194e-03,-2.098704448253929655e-02,-6.130787416819128213e-03,-2.829108423388397575e-02,1.376585481207934746e-02,-2.735817939351468941e-02,-4.746051341950360131e-02,-1.450447189987336648e-02,-3.942887834492710131e-02,-3.937262297785357190e-02,5.155626521438919779e-03,-3.820624568769987600e-02,3.045436074789018358e-02,4.249021357457044568e-02,-3.087647389483598112e-02,1.834278025699039028e-01,8.401324686965580546e-02,2.639722309990356897e-02,4.248704498671219132e-01,5.363950367165921662e-01,1.000000000000000000e+00,5.373490439921809747e-01,6.839719629687742719e-01,3.469696461143232935e-01,2.285465270330838961e-01,1.195405571619362478e-01,1.745515060807706631e-01
4.915548303246816166e-03,3.066899765496556088e-02,1.031399981861334109e-02,3.128698314074735559e-02,5.113038387624332937e-02,5.413760266235225632e-02,1.602168338758464330e-02,1.051068050504521713e-02,2.909752170639345187e-02,5.309754583579713583e-02,1.855751281887954574e-02,-1.971102023553136795e-02,2.209553704811853536e-02,-5.225874719916597617e-04,-2.330310229901468022e-02,4.522333041069246523e-02,2.477266909115765497e-02,1.005231752321285865e-01,1.037436080086626272e-01,5.926359307471903287e-02,3.634429559955386080e-01,2.133254583090493928e-01,1.591460156593228759e-01,5.640828530098099813e-01,6.193054793515787582e-01,5.373490439921809747e-01,1.000000000000000000e+00,5.756219493031401457e-01,5.394827567978153215e-01,2.465771767607661813e-01,7.694310871103444971e-02,2.075346308199531309e-01
-1.565471521173792888e-02,-1.358044399961005726e-02,-2.774916586901535892e-02,-9.676086199477299671e-03,2.581505537204878669e-03,2.564227139691100353e-03,-2.002366523789636879e-02,-1.146380554424833442e-02,-2.437023108101405572e-02,-4.685110757019900901e-03,-3.890552697088093398e-02,-6.507669367455945486e-02,-4.509557104389117638e-02,-5.050491365410521988e-02,-6.064104139401602783e-02,-2.940026923750306206e-02,-4.164933518684321712e-02,3.169699368773307852e-02,1.417157808614319565e-02,-3.412332305909276248e-02,1.738400221471852192e-01,3.300948409358042679e-02,3.366289167355424744e-02,3.493537736600391130e-01,5.341259041837093102e-01,6.839719629687742719e-01,5.756219493031401457e-01,1.000000000000000000e+00,3.118135917242255695e-01,3.014460151627557094e-01,1.781492348576295404e-01,2.184405988545157218e-01
2.963300972652047754e-02,2.449149120441987404e-02,3.449162233664058302e-02,3.862486587222693085e-02,5.747474606356803989e-02,6.926833414872030081e-02,7.614588771956290816e-03,3.646483570895278636e-02,3.312466197585754724e-02,4.932987904961697728e-02,7.669442006651360291e-03,-7.891750336245240420e-05,7.881819158727767019e-03,-1.831992450943007930e-02,-2.313399143868211452e-02,6.827976608907109120e-03,-3.182124868079558300e-02,-4.214295008954658910e-03,2.051200839987719904e-02,-2.269364163659582864e-02,1.090403536463633583e-01,1.271685830850565191e-01,1.454531372817883042e-02,2.756495817074197108e-01,1.595527740577357412e-01,3.469696461143232935e-01,5.394827567978153215e-01,3.118135917242255695e-01,1.000000000000000000e+00,4.824813108368527503e-01,4.064730661557443003e-01,4.634117628955763402e-01
3.530045169963624829e-02,-8.412309970309355192e-03,2.475968644238192226e-02,2.126789243432077731e-02,3.227614238968208593e-02,5.169458149894994720e-02,3.835301976719163869e-02,5.796706330210226604e-02,1.044533451785822561e-02,2.194921649517298651e-02,-4.975166117078736079e-03,-2.180506389393651809e-02,-2.150982201238964622e-02,-3.459733932844070992e-02,-5.995216893134304448e-02,-3.630618412615239932e-02,-6.042309016264225952e-02,-3.706561706790384436e-02,-5.032584606659202403e-02,-9.103313703722157313e-02,-1.020037589792252702e-01,-5.518198821605976162e-02,-1.061680779313082384e-01,-9.326990856034984498e-03,7.726907253745771663e-03,2.285465270330838961e-01,2.465771767607661813e-01,3.014460151627557094e-01,4.824813108368527503e-01,1.000000000000000000e+00,5.286413710231084861e-01,6.227326248796122288e-01
1.991976295100322814e-02,4.207773134559567203e-03,1.883902050479422524e-02,1.010238915517322651e-02,1.051022999723601192e-02,4.949042136706728601e-02,4.016762999993451870e-03,3.883181868435737344e-02,2.299821919343206927e-02,-4.703009577213706702e-03,-8.612832360338249860e-04,1.625884317950932259e-02,5.137918943487508605e-03,-7.138230099768508308e-03,-6.626650281805091837e-03,-7.231332758793157468e-04,-2.236633209782214887e-02,-1.116247542183176032e-02,-1.440639726757364340e-02,-4.942292486050096217e-02,-9.176521947917669342e-02,-6.616221710501493658e-02,-7.310369523504049727e-02,-2.592389252846597283e-02,-5.154003770416023394e-02,1.195405571619362478e-01,7.694310871103444971e-02,1.781492348576295404e-01,4.064730661557443003e-01,5.286413710231084861e-01,1.000000000000000000e+00,5.213214495103665191e-01
1.515233479447689394e-02,2.589091948846111019e-03,1.646648694638544116e-02,1.017685242152075072e-02,2.642919748085861137e-02,4.851718374367064435e-02,1.641561274348779737e-03,3.583370454647050174e-02,1.151168472527606436e-02,2.000406214698978447e-02,-1.646279836055092316e-02,-1.460858229932790638e-02,-1.430660665246768354e-02,-5.412175631702650924e-02,-5.364116210685036801e-02,-3.245069470285776719e-02,-6.418201717765253944e-02,-3.476359115808482642e-02,-3.132427571070247468e-02,-7.031274905103478134e-02,-6.820099966702886096e-02,-3.383787061792497414e-02,-5.900372509503033075e-02,9.971923301299853715e-03,1.803261476489569429e-02,1.745515060807706631e-01,2.075346308199531309e-01,2.184405988545157218e-01,4.634117628955763402e-01,6.227326248796122288e-01,5.213214495103665191e-01,1.000000000000000000e+00
