1.000000000000000000e+00,5.516273555783337557e-01,6.336582808463970817e-01,4.683650955482827061e-01,3.848708069623766881e-01,4.331763227546876482e-01,2.677300390806606201e-01,2.529403434787076410e-01,1.245669748094812013e-01,1.449094797438758853e-01,1.253836764656983960e-01,7.665746195580050437e-02,1.052170596921712803e-01,9.724885672553044980e-02,6.100902020267135600e-02,9.348018601093445457e-02,7.768392568914951613e-02,5.044986473423879181e-02,8.750425355285122719e-02,2.833545831977725415e-02,-2.786105913130651132e-02,-3.059383677649291002e-03,-3.994545369610344454e-02,-3.862576879181256473e-02,-2.680400386470038754e-02,-4.596249166124969504e-02,-1.540579563033884353e-02
5.516273555783337557e-01,1.000000000000000000e+00,5.976563810838889657e-01,6.909868847856193153e-01,5.512813929591744433e-01,5.140064515666041833e-01,4.316970130682500906e-01,2.416574327822518242e-01,1.548124012066606769e-01,1.330055920476785614e-01,7.208155044848726933e-02,9.485408018651943218e-02,7.332334137577813105e-02,4.607694055977221842e-02,6.133850640809779958e-02,7.069184777715727119e-02,4.690491939269524763e-02,4.810897323104800644e-02,6.630686050449048630e-02,1.100124320897034012e-02,-5.440578088589555217e-02,-1.310075294491849611e-02,-5.341707024269735232e-02,-4.656845735328406927e-02,-3.171868774346287695e-02,-2.887354379587936046e-02,-2.785294975657676142e-02
6.336582808463970817e-01,5.976563810838889657e-01,1.000000000000000000e+00,5.224506607553629500e-01,5.683658907699445928e-01,5.230515947379172914e-01,3.561239437637441774e-01,2.974757493371977812e-01,1.769630317192474600e-01,1.416456481684035540e-01,1.556983417304074468e-01,1.349848050452411019e-01,1.032622588204905323e-01,1.230426941059886842e-01,1.086836832864731123e-01,9.929993954432089764e-02,9.354155048964818420e-02,9.235242875300971044e-02,8.760538125145860000e-02,6.135460951490036979e-02,-3.826896496189785557e-02,-5.096342637615973274e-03,-3.012842182484786954e-02,-4.522690425720807955e-02,-1.917273266269004656e-02,-4.135269390537740092e-02,-1.354559083647717543e-02
4.683650955482827061e-01,6.909868847856193153e-01,5.224506607553629500e-01,1.000000000000000000e+00,5.288811020809077723e-01,7.023029734558570158e-01,4.489601380354192317e-01,2.879104535044927360e-01,1.897455913032005947e-01,1.607173558113588197e-01,9.453442714870675945e-02,1.219920357624568047e-01,9.686567164936853158e-02,6.277549704312471168e-02,8.087380155338372290e-02,8.972555272700967477e-02,5.266404741287389335e-02,6.325581237776704835e-02,6.212074813349929836e-02,2.703693196467348361e-02,-4.539749625697633156e-02,-1.425228732422505196e-02,-3.934113427230839094e-02,-3.458479190680305987e-02,-3.045626893571745306e-02,-2.795468966457170454e-02,-1.528515091579360670e-02
3.848708069623766881e-01,5.512813929591744433e-01,5.683658907699445928e-01,5.288811020809077723e-01,1.000000000000000000e+00,5.932290298961075958e-01,6.833237754277884379e-01,4.398095523030142173e-01,2.946757940109293039e-01,2.714983306531703056e-01,2.182177573872498555e-01,2.248093324970997509e-01,1.856939279579417346e-01,1.769639082107898331e-01,1.791413618109679862e-01,1.655714957582207769e-01,1.383462196424325719e-01,1.404879258225170402e-01,1.521224970719600444e-01,8.439264355844998400e-02,-4.637843247973399974e-02,-5.708588880058328846e-03,-5.379956269204134306e-02,-5.538708728428494432e-02,-4.497984125391465970e-02,-4.830488739068108245e-02,-2.255271817818178814e-02
4.331763227546876482e-01,5.140064515666041833e-01,5.230515947379172914e-01,7.023029734558570158e-01,5.932290298961075958e-01,1.000000000000000000e+00,4.986627105357309686e-01,4.706147369110618706e-01,3.039218345611154892e-01,2.485199886135354419e-01,2.465083225322071692e-01,2.117743335078622890e-01,1.779014154062217301e-01,1.888602520930738882e-01,1.663595468949576606e-01,1.651782266900590213e-01,1.439517628375877045e-01,1.217110365643450792e-01,1.296040354519921722e-01,8.606541467658720967e-02,-3.226247387494951546e-02,3.667799884000159873e-04,-1.983736638615743106e-02,-3.710472347290148104e-02,-1.871143206206050957e-02,-4.562197461950202870e-02,-9.918271008193110458e-03
2.677300390806606201e-01,4.316970130682500906e-01,3.561239437637441774e-01,4.489601380354192317e-01,6.833237754277884379e-01,4.986627105357309686e-01,1.000000000000000000e+00,4.488100805324389264e-01,4.327893897593170225e-01,3.460560229678307786e-01,2.149753873207196353e-01,3.301708854034624552e-01,2.133159923785095113e-01,1.718997477680346553e-01,2.527476161552406064e-01,1.877017122351229694e-01,1.630199374510317711e-01,1.939112228180654984e-01,1.636281558698957916e-01,1.104912810349938240e-01,-5.458469037593938894e-02,-4.561252394244329038e-03,-7.025244452355530744e-02,-7.282677702331452618e-02,-7.148769738062775436e-02,-8.312122651797639039e-02,-6.001190810266043146e-02
2.529403434787076410e-01,2.416574327822518242e-01,2.974757493371977812e-01,2.879104535044927360e-01,4.398095523030142173e-01,4.706147369110618706e-01,4.488100805324389264e-01,1.000000000000000000e+00,4.958691839897287901e-01,5.712109280790548249e-01,5.791070342884667710e-01,3.930987578529315796e-01,4.527337500272188842e-01,4.605225869252436710e-01,3.359149193330505656e-01,3.834301354529965344e-01,3.863966997051569430e-01,2.537566512765072058e-01,3.333213117597092490e-01,2.723669154426390238e-01,4.180871688728560881e-02,8.185870301494807544e-02,-6.648746496822364148e-03,7.815440630545511741e-04,-3.767825166160380240e-02,-3.931992348221400452e-02,-2.339945117071918351e-02
1.245669748094812013e-01,1.548124012066606769e-01,1.769630317192474600e-01,1.897455913032005947e-01,2.946757940109293039e-01,3.039218345611154892e-01,4.327893897593170225e-01,4.958691839897287901e-01,1.000000000000000000e+00,5.477462124814374000e-01,4.782681845971957779e-01,7.751774900668044754e-01,4.188585886766098554e-01,3.936415761481881215e-01,6.117407339899871843e-01,3.599545737170488091e-01,3.690368822943127514e-01,4.609623891808685703e-01,3.240508106217942497e-01,3.054224847267603127e-01,5.180019322697140827e-03,6.439639230295017558e-02,-2.253192118636907978e-02,-2.167957578579719768e-02,-3.517554704701384566e-02,-5.442700513854496769e-02,-4.053785747722396526e-02
1.449094797438758853e-01,1.330055920476785614e-01,1.416456481684035540e-01,1.607173558113588197e-01,2.714983306531703056e-01,2.485199886135354419e-01,3.460560229678307786e-01,5.712109280790548249e-01,5.477462124814374000e-01,1.000000000000000000e+00,5.112245372326609250e-01,4.751799220965261528e-01,7.526475973728261604e-01,4.221755097515596522e-01,4.146565684312131239e-01,6.081605258156281835e-01,3.840221931317810422e-01,3.065953021642163212e-01,4.856552449333623733e-01,1.971271924563781086e-01,-1.105225668769452101e-02,7.188738875947606188e-02,-6.355623635958274065e-02,-6.721690041168358609e-02,-9.044483078319369429e-02,-7.198329459761254601e-02,-5.409704251763489818e-02
1.253836764656983960e-01,7.208155044848726933e-02,1.556983417304074468e-01,9.453442714870675945e-02,2.182177573872498555e-01,2.465083225322071692e-01,2.149753873207196353e-01,5.791070342884667710e-01,4.782681845971957779e-01,5.112245372326609250e-01,1.000000000000000000e+00,5.310161647085720471e-01,4.891896541504073270e-01,7.792115262879520943e-01,4.394557288407200946e-01,4.052794538209634756e-01,6.022261933112270649e-01,3.301997113951180562e-01,3.474798200003503257e-01,4.240442119042887592e-01,7.858609023293371132e-02,1.438289472854209494e-01,3.288632217158910746e-03,1.086227920324849168e-02,-2.108346673732793344e-02,-3.376857339838363475e-02,-2.504226097746998364e-02
7.665746195580050437e-02,9.485408018651943218e-02,1.349848050452411019e-01,1.219920357624568047e-01,2.248093324970997509e-01,2.117743335078622890e-01,3.301708854034624552e-01,3.930987578529315796e-01,7.751774900668044754e-01,4.751799220965261528e-01,5.310161647085720471e-01,1.000000000000000000e+00,5.161409229045397229e-01,4.600004026135333102e-01,7.846003909349955618e-01,4.224213818542394971e-01,4.084799211740992031e-01,5.765906792864804453e-01,3.646129824099579309e-01,3.476522737895916260e-01,-8.829397126620069577e-03,5.330506603346092664e-02,-4.098991249614293564e-02,-4.211891510574987396e-02,-5.975481274369326412e-02,-6.055362579411720236e-02,-6.544713160847663580e-02
1.052170596921712803e-01,7.332334137577813105e-02,1.032622588204905323e-01,9.686567164936853158e-02,1.856939279579417346e-01,1.779014154062217301e-01,2.133159923785095113e-01,4.527337500272188842e-01,4.188585886766098554e-01,7.526475973728261604e-01,4.891896541504073270e-01,5.161409229045397229e-01,1.000000000000000000e+00,5.280033037264181273e-01,4.986042839595505316e-01,7.889190522790808791e-01,4.567631407398790033e-01,3.543229510374223956e-01,6.104786418741584564e-01,2.076500753156071410e-01,-3.791319331394667203e-02,5.101793053164180997e-02,-9.446751904532324495e-02,-9.143172745102048915e-02,-1.229140886012003026e-01,-8.404167093126867216e-02,-6.022338415931644678e-02
9.724885672553044980e-02,4.607694055977221842e-02,1.230426941059886842e-01,6.277549704312471168e-02,1.769639082107898331e-01,1.888602520930738882e-01,1.718997477680346553e-01,4.605225869252436710e-01,3.936415761481881215e-01,4.221755097515596522e-01,7.792115262879520943e-01,4.600004026135333102e-01,5.280033037264181273e-01,1.000000000000000000e+00,5.166060796000478961e-01,4.411556289914118634e-01,7.395123634562696946e-01,3.790871175569727747e-01,3.847719405861647624e-01,5.188874720903206006e-01,1.172575390492631292e-01,1.746505849190226611e-01,2.851484956007739949e-02,2.464210604555058109e-02,-5.286146660973932952e-03,-2.984132451130119129e-02,-1.429581575399846427e-02
6.100902020267135600e-02,6.133850640809779958e-02,1.086836832864731123e-01,8.087380155338372290e-02,1.791413618109679862e-01,1.663595468949576606e-01,2.527476161552406064e-01,3.359149193330505656e-01,6.117407339899871843e-01,4.146565684312131239e-01,4.394557288407200946e-01,7.846003909349955618e-01,4.986042839595505316e-01,5.166060796000478961e-01,1.000000000000000000e+00,5.124652400927046658e-01,4.869793314744741974e-01,7.261399403436721300e-01,4.494326017228639780e-01,4.026116930957522322e-01,-2.374881293278993319e-02,3.955102013667225608e-02,-6.358078020453715451e-02,-6.432975697423803929e-02,-8.219806381863953293e-02,-8.850173073425342263e-02,-8.847057950301236151e-02
9.348018601093445457e-02,7.069184777715727119e-02,9.929993954432089764e-02,8.972555272700967477e-02,1.655714957582207769e-01,1.651782266900590213e-01,1.877017122351229694e-01,3.834301354529965344e-01,3.599545737170488091e-01,6.081605258156281835e-01,4.052794538209634756e-01,4.224213818542394971e-01,7.889190522790808791e-01,4.411556289914118634e-01,5.124652400927046658e-01,1.000000000000000000e+00,5.171460597423528371e-01,3.947739015979032651e-01,7.595203094572030578e-01,1.878101443480839905e-01,-7.536782561331308028e-02,4.381286121237269737e-02,-1.309035222983068458e-01,-1.391776561251530653e-01,-1.439545948352898286e-01,-1.231191360659542600e-01,-5.587949654966624380e-02
7.768392568914951613e-02,4.690491939269524763e-02,9.354155048964818420e-02,5.266404741287389335e-02,1.383462196424325719e-01,1.439517628375877045e-01,1.630199374510317711e-01,3.863966997051569430e-01,3.690368822943127514e-01,3.840221931317810422e-01,6.022261933112270649e-01,4.084799211740992031e-01,4.567631407398790033e-01,7.395123634562696946e-01,4.869793314744741974e-01,5.171460597423528371e-01,1.000000000000000000e+00,5.164975108432350304e-01,5.030110753733516571e-01,7.126959623987476622e-01,1.856136815318180922e-01,2.789041022235759781e-01,6.224720693690279777e-02,6.235390880480060072e-02,2.530537292045597145e-02,-2.606482896652974335e-02,1.679492559462122253e-02
5.044986473423879181e-02,4.810897323104800644e-02,9.235242875300971044e-02,6.325581237776704835e-02,1.404879258225170402e-01,1.217110365643450792e-01,1.939112228180654984e-01,2.537566512765072058e-01,4.609623891808685703e-01,3.065953021642163212e-01,3.301997113951180562e-01,5.765906792864804453e-01,3.543229510374223956e-01,3.790871175569727747e-01,7.261399403436721300e-01,3.947739015979032651e-01,5.164975108432350304e-01,1.000000000000000000e+00,4.956822636585566100e-01,4.847675335014607900e-01,-7.230030334923735758e-02,5.187106182818553013e-02,-1.082831406440250971e-01,-8.220591178117739317e-02,-1.074886841736065746e-01,-1.331096280309080060e-01,-1.026102964850194865e-01
8.750425355285122719e-02,6.630686050449048630e-02,8.760538125145860000e-02,6.212074813349929836e-02,1.521224970719600444e-01,1.296040354519921722e-01,1.636281558698957916e-01,3.333213117597092490e-01,3.240508106217942497e-01,4.856552449333623733e-01,3.474798200003503257e-01,3.646129824099579309e-01,6.104786418741584564e-01,3.847719405861647624e-01,4.494326017228639780e-01,7.595203094572030578e-01,5.030110753733516571e-01,4.956822636585566100e-01,1.000000000000000000e+00,2.490316153934998000e-01,-2.275597200391211994e-02,1.533868606920963107e-01,-8.173173829879464003e-02,-1.271802979186832105e-01,-9.398682518470062586e-02,-1.221189079797008470e-01,-2.802520555595181331e-02
2.833545831977725415e-02,1.100124320897034012e-02,6.135460951490036979e-02,2.703693196467348361e-02,8.439264355844998400e-02,8.606541467658720967e-02,1.104912810349938240e-01,2.723669154426390238e-01,3.054224847267603127e-01,1.971271924563781086e-01,4.240442119042887592e-01,3.476522737895916260e-01,2.076500753156071410e-01,5.188874720903206006e-01,4.026116930957522322e-01,1.878101443480839905e-01,7.126959623987476622e-01,4.847675335014607900e-01,2.490316153934998000e-01,1.000000000000000000e+00,4.281105717669625998e-01,4.407843299318148778e-01,2.596202171631892264e-01,2.518896964707100228e-01,1.935659309547652918e-01,1.106766759433496922e-01,1.085425805147923750e-01
-2.786105913130651132e-02,-5.440578088589555217e-02,-3.826896496189785557e-02,-4.539749625697633156e-02,-4.637843247973399974e-02,-3.226247387494951546e-02,-5.458469037593938894e-02,4.180871688728560881e-02,5.180019322697140827e-03,-1.105225668769452101e-02,7.858609023293371132e-02,-8.829397126620069577e-03,-3.791319331394667203e-02,1.172575390492631292e-01,-2.374881293278993319e-02,-7.536782561331308028e-02,1.856136815318180922e-01,-7.230030334923735758e-02,-2.275597200391211994e-02,4.281105717669625998e-01,1.000000000000000000e+00,6.286851255545941042e-01,7.154675056884377549e-01,5.202838819714329377e-01,5.602030188819918655e-01,4.192715845137581776e-01,3.377468815964419502e-01
-3.059383677649291002e-03,-1.310075294491849611e-02,-5.096342637615973274e-03,-1.425228732422505196e-02,-5.708588880058328846e-03,3.667799884000159873e-04,-4.561252394244329038e-03,8.185870301494807544e-02,6.439639230295017558e-02,7.188738875947606188e-02,1.438289472854209494e-01,5.330506603346092664e-02,5.101793053164180997e-02,1.746505849190226611e-01,3.955102013667225608e-02,4.381286121237269737e-02,2.789041022235759781e-01,5.187106182818553013e-02,1.533868606920963107e-01,4.407843299318148778e-01,6.286851255545941042e-01,1.000000000000000000e+00,4.557409402774301732e-01,3.958857724039936965e-01,4.127286188143752255e-01,2.270763997820811897e-01,2.904475682027101713e-01
-3.994545369610344454e-02,-5.341707024269735232e-02,-3.012842182484786954e-02,-3.934113427230839094e-02,-5.379956269204134306e-02,-1.983736638615743106e-02,-7.025244452355530744e-02,-6.648746496822364148e-03,-2.253192118636907978e-02,-6.355623635958274065e-02,3.288632217158910746e-03,-4.098991249614293564e-02,-9.446751904532324495e-02,2.851484956007739949e-02,-6.358078020453715451e-02,-1.309035222983068458e-01,6.224720693690279777e-02,-1.082831406440250971e-01,-8.173173829879464003e-02,2.596202171631892264e-01,7.154675056884377549e-01,4.557409402774301732e-01,1.000000000000000000e+00,5.528709777058082864e-01,7.346360669252629538e-01,4.760037170002429652e-01,4.075252581637591187e-01
-3.862576879181256473e-02,-4.656845735328406927e-02,-4.522690425720807955e-02,-3.458479190680305987e-02,-5.538708728428494432e-02,-3.710472347290148104e-02,-7.282677702331452618e-02,7.815440630545511741e-04,-2.167957578579719768e-02,-6.721690041168358609e-02,1.086227920324849168e-02,-4.211891510574987396e-02,-9.143172745102048915e-02,2.464210604555058109e-02,-6.432975697423803929e-02,-1.391776561251530653e-01,6.235390880480060072e-02,-8.220591178117739317e-02,-1.271802979186832105e-01,2.518896964707100228e-01,5.202838819714329377e-01,3.958857724039936965e-01,5.528709777058082864e-01,1.000000000000000000e+00,5.957632958197235373e-01,6.809026455865686556e-01,5.232924682252449999e-01
-2.680400386470038754e-02,-3.171868774346287695e-02,-1.917273266269004656e-02,-3.045626893571745306e-02,-4.497984125391465970e-02,-1.871143206206050957e-02,-7.148769738062775436e-02,-3.767825166160380240e-02,-3.517554704701384566e-02,-9.044483078319369429e-02,-2.108346673732793344e-02,-5.975481274369326412e-02,-1.229140886012003026e-01,-5.286146660973932952e-03,-8.219806381863953293e-02,-1.439545948352898286e-01,2.530537292045597145e-02,-1.074886841736065746e-01,-9.398682518470062586e-02,1.935659309547652918e-01,5.602030188819918655e-01,4.127286188143752255e-01,7.346360669252629538e-01,5.957632958197235373e-01,1.000000000000000000e+00,4.851654055747243732e-01,5.223292273049793266e-01
-4.596249166124969504e-02,-2.887354379587936046e-02,-4.135269390537740092e-02,-2.795468966457170454e-02,-4.830488739068108245e-02,-4.562197461950202870e-02,-8.312122651797639039e-02,-3.931992348221400452e-02,-5.442700513854496769e-02,-7.198329459761254601e-02,-3.376857339838363475e-02,-6.055362579411720236e-02,-8.404167093126867216e-02,-2.984132451130119129e-02,-8.850173073425342263e-02,-1.231191360659542600e-01,-2.606482896652974335e-02,-1.331096280309080060e-01,-1.221189079797008470e-01,1.106766759433496922e-01,4.192715845137581776e-01,2.270763997820811897e-01,4.760037170002429652e-01,6.809026455865686556e-01,4.851654055747243732e-01,1.000000000000000000e+00,5.288162075330377077e-01
-1.540579563033884353e-02,-2.785294975657676142e-02,-1.354559083647717543e-02,-1.528515091579360670e-02,-2.255271817818178814e-02,-9.918271008193110458e-03,-6.001190810266043146e-02,-2.339945117071918351e-02,-4.053785747722396526e-02,-5.409704251763489818e-02,-2.504226097746998364e-02,-6.544713160847663580e-02,-6.022338415931644678e-02,-1.429581575399846427e-02,-8.847057950301236151e-02,-5.587949654966624380e-02,1.679492559462122253e-02,-1.026102964850194865e-01,-2.802520555595181331e-02,1.085425805147923750e-01,3.377468815964419502e-01,2.904475682027101713e-01,4.075252581637591187e-01,5.232924682252449999e-01,5.223292273049793266e-01,5.288162075330377077e-01,1.000000000000000000e+00
