q_native,I,sigma_I
1.778791000000000053e-02,1.086877999999999976e-02,1.783621000000000045e-04
1.824401000000000148e-02,1.111377000000000025e-02,1.820641999999999974e-04
1.870010999999999896e-02,1.068612000000000034e-02,1.758213999999999968e-04
1.915620999999999990e-02,1.054392000000000003e-02,1.731813000000000016e-04
1.961229999999999918e-02,1.021547000000000080e-02,1.716547000000000016e-04
2.006840000000000013e-02,1.044494999999999972e-02,1.677352000000000064e-04
2.052450000000000108e-02,1.016203000000000072e-02,1.685498999999999971e-04
2.098059000000000035e-02,1.018236999999999962e-02,1.633495000000000053e-04
2.143669000000000130e-02,1.027471999999999934e-02,1.631737000000000129e-04
2.189278000000000057e-02,1.013039999999999947e-02,1.599915999999999947e-04
2.234888000000000152e-02,9.908432000000000003e-03,1.574269999999999955e-04
2.280497000000000080e-02,9.676600000000000479e-03,1.559254999999999897e-04
2.326106999999999828e-02,9.868903999999999524e-03,1.519640000000000107e-04
2.371716000000000102e-02,9.499129999999999727e-03,1.547192000000000077e-04
2.417325000000000029e-02,9.658359000000000041e-03,1.507547999999999885e-04
2.462935000000000124e-02,9.592490999999999865e-03,1.500134000000000027e-04
2.508544000000000052e-02,9.111363000000000795e-03,1.477696000000000023e-04
2.554152999999999979e-02,9.690542999999999380e-03,1.446607999999999889e-04
2.599763000000000074e-02,9.102845000000000034e-03,1.455340000000000062e-04
2.645372000000000001e-02,9.239874000000000351e-03,1.409647000000000092e-04
2.690980999999999929e-02,9.068568000000000809e-03,1.457649000000000043e-04
2.736589999999999856e-02,8.866933999999999927e-03,1.460920999999999899e-04
2.782199000000000130e-02,8.948371999999999576e-03,1.439653999999999955e-04
2.827808999999999878e-02,8.708524000000000473e-03,1.483016000000000033e-04
2.873418000000000153e-02,8.606298999999999547e-03,1.430172999999999969e-04
2.919027000000000080e-02,8.510767000000000679e-03,1.469213999999999991e-04
2.964636000000000007e-02,8.396331999999999407e-03,1.441724000000000022e-04
3.010244999999999935e-02,8.565796000000000521e-03,1.452225999999999875e-04
3.055853000000000042e-02,8.532496999999999998e-03,1.467941999999999912e-04
3.101461999999999969e-02,7.978996000000000352e-03,1.387387999999999870e-04
3.147070999999999896e-02,7.889425999999999731e-03,1.448478000000000059e-04
3.192679999999999824e-02,7.747251000000000137e-03,1.411806999999999949e-04
3.238288999999999751e-02,7.956779000000000629e-03,1.438164999999999875e-04
3.283897000000000205e-02,7.774821999999999809e-03,1.427277999999999923e-04
3.329506000000000132e-02,7.607708000000000352e-03,1.378014000000000051e-04
3.375115000000000059e-02,7.508747999999999985e-03,1.415699000000000081e-04
3.420722999999999819e-02,7.503827000000000240e-03,1.374028000000000120e-04
3.466331999999999747e-02,7.512365000000000015e-03,1.403693999999999981e-04
3.511940000000000200e-02,7.391794999999999616e-03,1.383970000000000100e-04
3.557549000000000128e-02,7.129060999999999905e-03,1.364810999999999900e-04
3.603156999999999888e-02,7.079723999999999913e-03,1.389387999999999919e-04
3.648765999999999815e-02,6.976399999999999789e-03,1.352406000000000007e-04
3.694374000000000269e-02,6.871427000000000264e-03,1.354418000000000082e-04
3.739982000000000029e-02,6.996628999999999869e-03,1.342390000000000000e-04
3.785589999999999788e-02,6.880658999999999907e-03,1.344879000000000105e-04
3.831198000000000242e-02,6.525869000000000114e-03,1.354209999999999897e-04
3.876807000000000170e-02,6.499355000000000063e-03,1.324134999999999885e-04
3.922414999999999929e-02,6.346242999999999676e-03,1.328814000000000048e-04
3.968022999999999689e-02,6.448329000000000040e-03,1.315653000000000124e-04
4.013631000000000143e-02,6.317388000000000170e-03,1.323386000000000072e-04
4.059238999999999903e-02,6.191251000000000046e-03,1.305218000000000079e-04
4.104846000000000189e-02,6.134587999999999847e-03,1.307996000000000072e-04
4.150453999999999949e-02,6.128831000000000383e-03,1.297846999999999976e-04
4.196061999999999709e-02,5.966878000000000112e-03,1.286485000000000135e-04
4.241670000000000162e-02,5.967865000000000149e-03,1.291555000000000003e-04
4.287276999999999755e-02,6.026211000000000068e-03,1.275899000000000098e-04
4.332885000000000209e-02,5.625523000000000329e-03,1.277361999999999985e-04
4.378492999999999968e-02,5.577641000000000369e-03,1.274943999999999969e-04
4.424100000000000255e-02,5.797089000000000061e-03,1.266436000000000016e-04
4.469708000000000014e-02,5.643033000000000424e-03,1.260142999999999973e-04
4.515315000000000301e-02,5.385232999999999687e-03,1.237172000000000087e-04
4.560921999999999893e-02,5.333703000000000402e-03,1.256340000000000104e-04
4.606530000000000347e-02,5.356818000000000170e-03,1.246730000000000039e-04
4.652136999999999939e-02,5.158870999999999769e-03,1.237533000000000133e-04
4.697744000000000225e-02,5.378006000000000279e-03,1.241468000000000020e-04
4.743350999999999817e-02,4.940853999999999732e-03,1.211231999999999993e-04
4.788958000000000104e-02,5.228790999999999994e-03,1.236998999999999911e-04
4.834564999999999696e-02,5.026825000000000390e-03,1.210516000000000050e-04
4.880171999999999982e-02,4.861515999999999754e-03,1.211626000000000044e-04
4.925779000000000268e-02,4.684980000000000047e-03,1.212656999999999933e-04
4.971385999999999861e-02,4.879495000000000186e-03,1.199721000000000028e-04
5.016991999999999979e-02,4.704185999999999958e-03,1.201151999999999981e-04
5.062599000000000266e-02,4.650930999999999642e-03,1.184122000000000045e-04
5.108205999999999858e-02,4.713791000000000161e-03,1.189943999999999936e-04
5.153811999999999977e-02,4.524486000000000306e-03,1.191943000000000050e-04
5.199419000000000263e-02,4.666838999999999883e-03,1.184383999999999941e-04
5.245024999999999687e-02,4.243854000000000029e-03,1.179350000000000016e-04
5.290630999999999806e-02,4.410426000000000277e-03,1.153851999999999943e-04
5.336238000000000092e-02,4.552157000000000252e-03,1.182987000000000063e-04
5.381844000000000211e-02,4.305103999999999702e-03,1.157385000000000033e-04
5.427450000000000330e-02,4.503367000000000307e-03,1.160725000000000038e-04
5.473055999999999754e-02,4.196357999999999859e-03,1.159882999999999954e-04
5.518661999999999873e-02,4.152990999999999974e-03,1.142421000000000018e-04
5.564267999999999992e-02,4.074974999999999778e-03,1.158578999999999940e-04
5.609874000000000110e-02,4.217018999999999802e-03,1.126526999999999997e-04
5.655479000000000062e-02,3.860446999999999924e-03,1.139724999999999934e-04
5.701085000000000180e-02,3.895460999999999802e-03,1.130048999999999995e-04
5.746691000000000299e-02,3.892315999999999832e-03,1.133790999999999933e-04
5.792296000000000250e-02,3.900745000000000167e-03,1.139085999999999956e-04
5.837901999999999675e-02,3.798033000000000138e-03,1.108530000000000041e-04
5.883507000000000320e-02,4.052219999999999607e-03,1.125687999999999987e-04
5.929112999999999745e-02,3.671367000000000033e-03,1.109779999999999935e-04
5.974717999999999696e-02,3.815142000000000099e-03,1.108592000000000041e-04
6.020323000000000341e-02,3.817640000000000183e-03,1.118993000000000011e-04
6.065928000000000292e-02,3.790655999999999887e-03,1.090449000000000035e-04
6.111533000000000243e-02,3.666403999999999844e-03,1.108881999999999999e-04
6.157138000000000194e-02,3.468947999999999910e-03,1.090213000000000060e-04
6.202743000000000145e-02,3.462668999999999817e-03,1.089860000000000031e-04
6.248348000000000096e-02,3.528967000000000041e-03,1.092334000000000035e-04
6.293952999999999354e-02,3.564522000000000090e-03,1.075043000000000000e-04
6.339556999999999831e-02,3.270503000000000125e-03,1.094157999999999969e-04
6.385161999999999782e-02,3.315307999999999884e-03,1.068885000000000050e-04
6.430766000000000260e-02,3.212488999999999796e-03,1.075016999999999943e-04
6.476371000000000211e-02,3.358242999999999905e-03,1.067393000000000031e-04
6.521975000000000688e-02,3.270757999999999912e-03,1.066105000000000053e-04
6.567578999999999778e-02,3.323589999999999964e-03,1.073296000000000032e-04
6.613183999999999729e-02,3.077504999999999911e-03,1.059026000000000048e-04
6.658788000000000207e-02,3.083409000000000063e-03,1.059574000000000030e-04
6.704392000000000684e-02,3.289623000000000200e-03,1.050058000000000035e-04
6.749995000000000300e-02,3.106738999999999855e-03,1.044740999999999964e-04
6.795598999999999390e-02,2.910882000000000053e-03,1.051842000000000017e-04
6.841202999999999868e-02,2.970101000000000165e-03,1.036216000000000041e-04
6.886807000000000345e-02,3.022587000000000190e-03,1.052075999999999988e-04
6.932409999999999961e-02,3.080007999999999965e-03,1.040875000000000025e-04
6.978014000000000439e-02,2.655085000000000171e-03,1.037826999999999982e-04
7.023617000000000055e-02,2.995900000000000125e-03,1.025472000000000064e-04
7.069219999999999671e-02,2.759260999999999832e-03,1.028813000000000004e-04
7.114824000000000148e-02,2.718228000000000050e-03,1.032184999999999944e-04
7.160426999999999764e-02,2.611496000000000043e-03,1.016703000000000013e-04
7.206029999999999380e-02,2.691747999999999884e-03,1.030047999999999934e-04
7.251633000000000384e-02,2.768000000000000061e-03,1.008144000000000016e-04
7.297236000000000000e-02,2.722865000000000094e-03,1.018695000000000044e-04
7.342838000000000143e-02,2.672580999999999828e-03,1.013881999999999994e-04
7.388440999999999759e-02,2.574030000000000155e-03,9.996049000000000557e-05
7.434042999999999901e-02,2.568140000000000006e-03,1.010880999999999987e-04
7.479645999999999517e-02,2.613002000000000120e-03,1.005267000000000010e-04
7.525247999999999660e-02,2.615601999999999858e-03,1.001999000000000027e-04
7.570851000000000663e-02,2.650597000000000196e-03,9.993217000000000311e-05
7.616452999999999418e-02,2.463360999999999849e-03,9.876885000000000558e-05
7.662054999999999561e-02,2.612610000000000019e-03,1.000201000000000014e-04
7.707656999999999703e-02,2.450096000000000131e-03,9.861914999999999581e-05
7.753258999999999845e-02,2.435259999999999855e-03,9.930330000000000179e-05
7.798860999999999988e-02,2.334530000000000025e-03,9.798218999999999776e-05
7.844462000000000657e-02,2.438907000000000141e-03,9.773455999999999485e-05
7.890063999999999411e-02,2.483327999999999924e-03,9.844905999999999623e-05
7.935665000000000080e-02,2.679291999999999785e-03,9.706274999999999831e-05
7.981267000000000222e-02,2.351742999999999889e-03,9.805166000000000576e-05
8.026867999999999503e-02,2.161286000000000110e-03,9.712160999999999592e-05
8.072469000000000172e-02,2.165498999999999983e-03,9.713577999999999785e-05
8.118069999999999453e-02,2.369443000000000157e-03,9.696444000000000569e-05
8.163671000000000122e-02,2.168094000000000184e-03,9.578278999999999981e-05
8.209271999999999403e-02,2.251938000000000203e-03,9.651323000000000497e-05
8.254873000000000072e-02,2.406706000000000210e-03,9.588472000000000173e-05
8.300473999999999353e-02,2.047838000000000176e-03,9.551095999999999805e-05
8.346074000000000548e-02,2.218335000000000098e-03,9.591040999999999640e-05
8.391674999999999829e-02,2.174408000000000070e-03,9.485721000000000452e-05
8.437274999999999636e-02,2.218967000000000075e-03,9.570255999999999804e-05
8.482874999999999444e-02,1.970346999999999897e-03,9.344380999999999532e-05
8.528475000000000639e-02,2.126653999999999958e-03,9.530510000000000338e-05
8.574075999999999920e-02,2.012851999999999870e-03,9.384787000000000446e-05
8.619675000000000253e-02,2.218685000000000188e-03,9.451042000000000373e-05
8.665275000000000061e-02,2.053113000000000073e-03,9.401972000000000519e-05
8.710874999999999868e-02,1.867507999999999928e-03,9.217819999999999779e-05
8.756474999999999675e-02,1.855661999999999893e-03,9.396134000000000051e-05
8.802074000000000009e-02,2.041509999999999853e-03,9.210029999999999638e-05
8.847673000000000343e-02,1.922812999999999996e-03,9.378322999999999553e-05
8.893273000000000150e-02,1.998596000000000053e-03,9.262337999999999680e-05
8.938872000000000484e-02,1.864584999999999984e-03,9.202707999999999711e-05
8.984470999999999430e-02,1.831097999999999970e-03,9.191484000000000579e-05
9.030069999999999764e-02,1.897966999999999970e-03,9.357438999999999568e-05
9.075669000000000097e-02,1.982855999999999855e-03,9.553529000000000600e-05
9.121266999999999570e-02,1.948122000000000048e-03,9.529178999999999384e-05
9.166865999999999903e-02,1.925038999999999917e-03,9.638558000000000629e-05
9.212463999999999376e-02,2.081865999999999925e-03,9.820050999999999672e-05
9.258062999999999709e-02,1.754125000000000042e-03,9.562884000000000445e-05
9.303661000000000569e-02,1.916062999999999968e-03,9.780563000000000635e-05
9.349259000000000042e-02,1.830346000000000056e-03,9.747800000000000421e-05
9.394856999999999514e-02,1.883291000000000045e-03,9.855452000000000114e-05
9.440455000000000374e-02,1.905915999999999904e-03,9.916670000000000042e-05
9.486052999999999846e-02,1.765452999999999944e-03,9.786161000000000577e-05
9.531649999999999845e-02,1.860504999999999928e-03,9.940164999999999721e-05
9.577247999999999317e-02,1.712203999999999940e-03,9.831925999999999622e-05
9.622844999999999316e-02,1.687633000000000015e-03,9.989192999999999348e-05
9.668443000000000176e-02,1.745655999999999944e-03,9.919734000000000255e-05
9.714040000000000175e-02,1.639416000000000094e-03,9.941290999999999886e-05
9.759637000000000173e-02,1.655996000000000074e-03,1.007342999999999954e-04
9.805234000000000172e-02,1.849986999999999986e-03,9.929227000000000268e-05
9.850829999999999309e-02,1.789610000000000072e-03,1.003196000000000009e-04
9.896426999999999308e-02,1.529030000000000016e-03,9.780789000000000182e-05
9.942023999999999306e-02,1.646211999999999979e-03,9.629103000000000564e-05
9.987619999999999831e-02,1.480594999999999915e-03,9.629948000000000045e-05
1.003321999999999964e-01,1.411422999999999974e-03,9.323669999999999452e-05
1.007881000000000055e-01,1.593164999999999902e-03,9.467436999999999392e-05
1.012441000000000035e-01,1.629456000000000047e-03,9.304933000000000583e-05
1.016999999999999987e-01,1.573177999999999946e-03,9.304101000000000656e-05
1.021559999999999968e-01,1.620422000000000052e-03,9.238967000000000544e-05
1.026119999999999949e-01,1.578600000000000099e-03,9.157515000000000023e-05
1.030679000000000040e-01,1.598173000000000041e-03,9.265440999999999911e-05
1.035239000000000020e-01,1.418203000000000042e-03,9.046405999999999729e-05
1.039797999999999972e-01,1.587807000000000107e-03,9.083523999999999668e-05
1.044357999999999953e-01,1.472968999999999971e-03,8.986017999999999588e-05
1.048917000000000044e-01,1.312004000000000078e-03,9.019242999999999596e-05
1.053477000000000025e-01,1.590058000000000096e-03,9.064049999999999386e-05
1.058035999999999976e-01,1.415374000000000059e-03,8.860302000000000672e-05
1.062595999999999957e-01,1.549355000000000090e-03,8.950893999999999550e-05
1.067155000000000048e-01,1.435223999999999918e-03,8.825825999999999886e-05
1.071715000000000029e-01,1.274603000000000021e-03,8.908726000000000058e-05
1.076273999999999981e-01,1.505040000000000024e-03,9.154397000000000098e-05
1.080832999999999933e-01,1.357488000000000011e-03,9.107910999999999405e-05
1.085393000000000052e-01,1.359717999999999994e-03,9.291562000000000334e-05
1.089952000000000004e-01,1.370633999999999915e-03,9.195508000000000186e-05
1.094510999999999956e-01,1.428105999999999950e-03,9.338649999999999772e-05
1.099070999999999937e-01,1.494785999999999901e-03,9.020543999999999806e-05
1.103630000000000028e-01,1.430119000000000095e-03,9.000479000000000194e-05
1.108188999999999980e-01,1.395645999999999953e-03,8.949130999999999547e-05
1.112748999999999960e-01,1.383647999999999909e-03,8.797666000000000481e-05
1.117308000000000051e-01,1.375548999999999999e-03,8.828492999999999432e-05
1.121867000000000003e-01,1.213015999999999921e-03,8.619820000000000422e-05
1.126426999999999984e-01,1.269961999999999914e-03,8.629852000000000193e-05
1.130985999999999936e-01,1.262815000000000031e-03,8.676241999999999592e-05
1.135545000000000027e-01,1.183117000000000023e-03,8.575353000000000023e-05
1.140103999999999979e-01,1.468207999999999926e-03,8.626527999999999410e-05
1.144663999999999959e-01,1.495873999999999902e-03,8.520583999999999938e-05
1.149223000000000050e-01,1.433783000000000106e-03,8.518342000000000307e-05
1.153782000000000002e-01,1.266194999999999907e-03,8.485667999999999542e-05
1.158340999999999954e-01,1.175047000000000027e-03,8.430523000000000259e-05
1.162900000000000045e-01,1.044392000000000107e-03,8.528806000000000484e-05
1.167458999999999997e-01,1.341390000000000030e-03,8.338857999999999503e-05
1.172017999999999949e-01,1.293026000000000071e-03,8.457011000000000606e-05
1.176578000000000068e-01,1.480271999999999925e-03,8.346650999999999853e-05
1.181137000000000020e-01,1.257618999999999968e-03,8.372902999999999954e-05
1.185695999999999972e-01,1.223939000000000060e-03,8.358792999999999508e-05
1.190255000000000063e-01,1.184584000000000028e-03,8.239688999999999640e-05
1.194814000000000015e-01,1.067570000000000107e-03,8.355829999999999584e-05
1.199372999999999967e-01,1.222935000000000081e-03,8.242322999999999588e-05
1.203932000000000058e-01,1.298214999999999916e-03,8.258415000000000449e-05
1.208491000000000010e-01,1.247650000000000104e-03,8.247727999999999581e-05
1.213049999999999962e-01,1.317025000000000097e-03,8.206492000000000235e-05
1.217609000000000052e-01,1.093528999999999985e-03,8.259562999999999443e-05
1.222168000000000004e-01,1.287465000000000007e-03,8.127874000000000101e-05
1.226726999999999956e-01,1.237101999999999907e-03,8.209578000000000632e-05
1.231286000000000047e-01,1.164197999999999969e-03,8.094907000000000523e-05
1.235844999999999999e-01,1.218583000000000079e-03,8.136942000000000198e-05
1.240403000000000061e-01,1.162812000000000047e-03,8.137608999999999424e-05
1.244962000000000013e-01,1.180534000000000010e-03,8.018425999999999451e-05
1.249520999999999965e-01,9.463721999999999716e-04,8.126836999999999386e-05
1.254079999999999917e-01,1.096165000000000073e-03,8.023757999999999758e-05
1.258639000000000008e-01,1.324648000000000101e-03,8.049545999999999926e-05
1.263198000000000099e-01,1.262731000000000010e-03,8.019968000000000257e-05
1.267755999999999883e-01,1.121707999999999907e-03,7.984844000000000219e-05
1.272314999999999974e-01,1.304252000000000102e-03,8.015454000000000253e-05
1.276874000000000065e-01,9.939354999999999978e-04,7.925238000000000573e-05
1.281432999999999878e-01,1.180634999999999974e-03,8.169197000000000112e-05
1.285991999999999968e-01,9.741943000000000520e-04,8.248254999999999856e-05
1.290550000000000030e-01,1.154794999999999910e-03,8.273634999999999941e-05
1.295109000000000121e-01,1.116947000000000079e-03,8.336201000000000656e-05
1.299667999999999934e-01,1.051966000000000099e-03,8.375962999999999887e-05
1.304225999999999996e-01,1.115480999999999981e-03,8.378170999999999850e-05
1.308785000000000087e-01,9.038800999999999520e-04,8.472560000000000074e-05
1.313343999999999900e-01,9.708889999999999534e-04,8.419086999999999849e-05
1.317901999999999962e-01,9.707722000000000226e-04,8.393824999999999887e-05
1.322461000000000053e-01,1.065568000000000027e-03,8.400512000000000116e-05
1.327019000000000115e-01,1.149761999999999919e-03,8.434637999999999457e-05
1.331577999999999928e-01,9.046339000000000463e-04,8.435961999999999920e-05
1.336135999999999990e-01,1.026266000000000071e-03,8.466996999999999870e-05
1.340695000000000081e-01,8.474942000000000282e-04,8.380494999999999796e-05
1.345253999999999894e-01,9.506353000000000155e-04,8.440663999999999524e-05
1.349811999999999956e-01,9.719871000000000370e-04,8.400666000000000047e-05
1.354371000000000047e-01,1.078930000000000080e-03,8.427830000000000250e-05
1.358929000000000109e-01,9.623245999999999580e-04,8.436830999999999725e-05
1.363486999999999894e-01,9.465199999999999569e-04,8.409450000000000605e-05
1.368045999999999984e-01,9.705443999999999703e-04,8.404034999999999912e-05
1.372604000000000046e-01,8.614672000000000518e-04,8.394043000000000229e-05
1.377163000000000137e-01,9.118756999999999471e-04,8.362105999999999522e-05
1.381720999999999921e-01,1.037109999999999942e-03,8.394730999999999569e-05
1.386278999999999983e-01,9.444699999999999884e-04,8.384102000000000048e-05
1.390838000000000074e-01,1.019776000000000016e-03,8.408323000000000370e-05
1.395396000000000136e-01,8.690015999999999843e-04,8.454646000000000502e-05
1.399953999999999921e-01,9.681266999999999477e-04,8.315573999999999676e-05
1.404513000000000011e-01,8.894454000000000206e-04,8.412563000000000180e-05
1.409071000000000073e-01,8.888178000000000268e-04,8.313868999999999665e-05
1.413629000000000135e-01,8.389139999999999575e-04,8.373429000000000158e-05
1.418186999999999920e-01,9.684532000000000470e-04,8.274479999999999422e-05
1.422746000000000011e-01,9.540993999999999474e-04,8.388035000000000066e-05
1.427304000000000073e-01,8.461621999999999807e-04,8.350363000000000674e-05
1.431862000000000135e-01,9.621169000000000379e-04,8.244038000000000299e-05
1.436419999999999919e-01,7.257675999999999798e-04,8.321835999999999990e-05
1.440977999999999981e-01,7.764999999999999550e-04,8.259225000000000193e-05
1.445536000000000043e-01,7.984886999999999974e-04,8.339244999999999471e-05
1.450095000000000134e-01,8.312887999999999614e-04,8.371498000000000600e-05
1.454652999999999918e-01,8.796036999999999823e-04,8.184957999999999503e-05
1.459210999999999980e-01,9.518124000000000419e-04,8.309542000000000545e-05
1.463769000000000042e-01,8.039848999999999737e-04,8.214754999999999583e-05
1.468327000000000104e-01,8.386567999999999627e-04,8.334852999999999869e-05
1.472884999999999889e-01,8.151264000000000296e-04,8.346549999999999564e-05
1.477442999999999951e-01,8.341886000000000179e-04,8.285878999999999955e-05
1.482001000000000013e-01,6.809163000000000455e-04,8.328124999999999482e-05
1.486559000000000075e-01,8.079116000000000119e-04,8.214852999999999663e-05
1.491117000000000137e-01,1.106786000000000011e-03,8.327214999999999520e-05
1.495674999999999921e-01,8.530136000000000012e-04,8.228604999999999459e-05
1.500232999999999983e-01,8.131126999999999713e-04,8.252803999999999598e-05
1.504790000000000016e-01,7.955761999999999470e-04,8.355190999999999606e-05
1.509348000000000078e-01,9.081767999999999612e-04,8.237080000000000085e-05
1.513905999999999863e-01,7.662835000000000436e-04,8.201685000000000063e-05
1.518463999999999925e-01,9.815705999999999563e-04,8.230750000000000436e-05
1.523021999999999987e-01,8.277325000000000307e-04,8.240167000000000552e-05
1.527580000000000049e-01,8.410345000000000060e-04,8.294007999999999416e-05
1.532137000000000082e-01,8.051926000000000265e-04,8.170341000000000181e-05
1.536694999999999867e-01,7.825933999999999668e-04,8.260516999999999773e-05
1.541252999999999929e-01,8.984323000000000005e-04,8.159867999999999375e-05
1.545810999999999991e-01,8.299063000000000403e-04,8.208307999999999880e-05
1.550368000000000024e-01,7.989501000000000198e-04,8.210062999999999324e-05
1.554926000000000086e-01,6.649130999999999748e-04,8.170053000000000363e-05
1.559483999999999870e-01,7.106722000000000429e-04,8.260746999999999600e-05
1.564040999999999904e-01,8.604972999999999919e-04,8.151298000000000235e-05
1.568598999999999966e-01,7.704475000000000125e-04,8.179844999999999608e-05
1.573155999999999999e-01,7.198048000000000510e-04,8.099907000000000645e-05
1.577714000000000061e-01,7.094730999999999954e-04,8.152783999999999834e-05
1.582272000000000123e-01,6.704083000000000438e-04,8.143031000000000607e-05
1.586828999999999879e-01,7.024388999999999807e-04,8.096561999999999748e-05
1.591386999999999941e-01,6.297136000000000487e-04,8.126123999999999652e-05
1.595943999999999974e-01,6.474639000000000132e-04,7.975321999999999533e-05
1.600502000000000036e-01,8.018806000000000284e-04,8.064926999999999838e-05
1.605059000000000069e-01,7.104407000000000300e-04,7.990137000000000508e-05
1.609617000000000131e-01,7.580511999999999971e-04,8.032764999999999654e-05
1.614173999999999887e-01,8.430062000000000536e-04,8.070319000000000277e-05
1.618730999999999920e-01,6.664534000000000387e-04,7.965023000000000057e-05
1.623288999999999982e-01,8.693671999999999728e-04,8.021756999999999369e-05
1.627846000000000015e-01,7.313912999999999578e-04,7.962145000000000659e-05
1.632403000000000048e-01,7.645363000000000072e-04,7.975537999999999736e-05
1.636961000000000110e-01,7.172676999999999699e-04,8.023361000000000447e-05
1.641517999999999866e-01,7.256915000000000501e-04,7.931955000000000190e-05
1.646074999999999899e-01,6.049557999999999585e-04,8.005980000000000214e-05
1.650632999999999961e-01,6.654898999999999927e-04,7.885676000000000426e-05
1.655189999999999995e-01,7.493234000000000092e-04,7.969527999999999432e-05
1.659747000000000028e-01,6.493681000000000279e-04,7.934311999999999734e-05
1.664304000000000061e-01,6.877183999999999511e-04,7.925799000000000516e-05
1.668861000000000094e-01,7.261988000000000037e-04,7.994498000000000652e-05
1.673418000000000128e-01,7.246613000000000273e-04,7.860774999999999967e-05
1.677975999999999912e-01,6.128798000000000405e-04,7.970378000000000619e-05
1.682532999999999945e-01,6.623294000000000490e-04,7.852939999999999389e-05
1.687089999999999979e-01,7.866152000000000170e-04,7.907109999999999584e-05
1.691647000000000012e-01,6.546227000000000166e-04,7.964875000000000546e-05
1.696204000000000045e-01,6.293587000000000226e-04,7.816390999999999953e-05
1.700761000000000078e-01,8.785296999999999855e-04,7.962438999999999541e-05
1.705318000000000112e-01,6.141064000000000331e-04,7.825711000000000060e-05
1.709874999999999867e-01,6.944571999999999551e-04,7.858990999999999850e-05
1.714431999999999900e-01,7.842374999999999737e-04,7.909419999999999906e-05
1.718988999999999934e-01,6.158955999999999719e-04,7.805913000000000153e-05
1.723545999999999967e-01,6.445478000000000362e-04,7.967969000000000147e-05
1.728103000000000000e-01,6.708126000000000019e-04,7.772024999999999843e-05
1.732659000000000005e-01,6.625379000000000251e-04,7.881786999999999420e-05
1.737216000000000038e-01,7.449889000000000120e-04,7.822553000000000048e-05
1.741773000000000071e-01,6.715628999999999869e-04,7.815660000000000315e-05
1.746330000000000104e-01,5.075811000000000385e-04,7.876025000000000202e-05
1.750887000000000138e-01,6.753717999999999701e-04,7.755350000000000210e-05
1.755442999999999865e-01,6.489673999999999963e-04,7.857558999999999963e-05
1.759999999999999898e-01,6.290547000000000066e-04,7.774537999999999458e-05
1.764556999999999931e-01,5.501952999999999531e-04,7.769693999999999407e-05
1.769113999999999964e-01,6.197397999999999579e-04,7.835174999999999399e-05
1.773669999999999969e-01,6.869889000000000117e-04,7.743420000000000478e-05
1.778227000000000002e-01,7.970167000000000224e-04,7.842468000000000009e-05
1.782783000000000007e-01,5.660363000000000070e-04,7.746208000000000358e-05
1.787340000000000040e-01,6.372898999999999578e-04,7.767568999999999830e-05
1.791897000000000073e-01,6.132041000000000401e-04,7.776378999999999497e-05
1.796453000000000078e-01,7.411288000000000251e-04,7.754822999999999935e-05
1.801010000000000111e-01,5.638620000000000437e-04,7.805402999999999712e-05
1.805566000000000115e-01,6.965361999999999465e-04,7.693224000000000460e-05
1.810122999999999871e-01,6.763259999999999888e-04,7.768129999999999773e-05
1.814678999999999875e-01,5.857609999999999640e-04,7.755364999999999904e-05
1.819235999999999909e-01,6.527112000000000061e-04,7.730835999999999719e-05
1.823791999999999913e-01,6.631265999999999810e-04,7.708122000000000465e-05
1.828347999999999918e-01,6.007893000000000044e-04,7.698930999999999895e-05
1.832904999999999951e-01,6.228386000000000035e-04,7.707562000000000592e-05
1.837460999999999955e-01,5.997121000000000006e-04,7.716739000000000183e-05
1.842016999999999960e-01,6.517671999999999962e-04,7.671647999999999499e-05
1.846573999999999993e-01,5.898068999999999925e-04,7.704561999999999435e-05
1.851129999999999998e-01,5.504597000000000179e-04,7.661533999999999413e-05
1.855686000000000002e-01,5.217689000000000181e-04,7.700465000000000142e-05
1.860243000000000035e-01,6.287877999999999567e-04,7.653260000000000650e-05
1.864799000000000040e-01,5.144204999999999785e-04,7.680940000000000358e-05
1.869355000000000044e-01,7.014058000000000532e-04,7.671071999999999863e-05
1.873911000000000049e-01,7.050307999999999922e-04,7.700057000000000060e-05
1.878467000000000053e-01,5.937225000000000402e-04,7.634456999999999875e-05
1.883023000000000058e-01,7.019084000000000304e-04,7.598756000000000130e-05
1.887579000000000062e-01,6.275112999999999698e-04,7.661402999999999735e-05
1.892135000000000067e-01,5.499845999999999858e-04,7.617163000000000308e-05
1.896691000000000071e-01,4.326533999999999935e-04,7.648624000000000243e-05
1.901248000000000105e-01,6.087151999999999754e-04,7.578601999999999713e-05
1.905804000000000109e-01,6.481189999999999521e-04,7.587650999999999836e-05
1.910359000000000085e-01,5.227577000000000178e-04,7.638981000000000579e-05
1.914915000000000089e-01,4.561054000000000258e-04,7.577335000000000526e-05
1.919471000000000094e-01,5.435509999999999734e-04,7.567645000000000285e-05
1.924027000000000098e-01,5.248655999999999981e-04,7.588309999999999858e-05
1.928583000000000103e-01,5.860772000000000204e-04,7.585873000000000138e-05
1.933139000000000107e-01,5.967295000000000064e-04,7.597834999999999398e-05
1.937695000000000112e-01,5.402341000000000391e-04,7.515943000000000623e-05
1.942251000000000116e-01,5.229027999999999498e-04,7.592743999999999687e-05
1.946806000000000092e-01,5.173352000000000202e-04,7.541463999999999731e-05
1.951362000000000096e-01,5.175445000000000522e-04,7.579918999999999687e-05
1.955918000000000101e-01,6.014046000000000322e-04,7.586533000000000230e-05
1.960474000000000105e-01,6.265980000000000204e-04,7.499102000000000220e-05
1.965029000000000081e-01,5.189453000000000338e-04,7.580102000000000291e-05
1.969585000000000086e-01,5.698460999999999717e-04,7.483291000000000042e-05
1.974140000000000061e-01,5.454020999999999869e-04,7.544544999999999778e-05
1.978696000000000066e-01,4.451756999999999871e-04,7.503062999999999486e-05
1.983252000000000070e-01,3.479258999999999954e-04,7.513912999999999560e-05
1.987807000000000046e-01,5.427032999999999510e-04,7.541605000000000108e-05
1.992363000000000051e-01,5.063271999999999521e-04,7.462917000000000498e-05
1.996918000000000026e-01,3.999170000000000134e-04,7.484479000000000479e-05
2.001474000000000031e-01,4.627858000000000102e-04,7.477132000000000158e-05
2.006029000000000007e-01,6.935681000000000181e-04,7.525484999999999998e-05
2.010585000000000011e-01,4.656198999999999972e-04,7.530066999999999338e-05
2.015139999999999987e-01,5.401013999999999989e-04,7.409368000000000377e-05
2.019694999999999963e-01,5.142216999999999491e-04,7.450064999999999964e-05
2.024250999999999967e-01,5.194076999999999635e-04,7.466395999999999927e-05
2.028805999999999943e-01,5.163251000000000212e-04,7.469272000000000541e-05
2.033360999999999918e-01,5.299776000000000400e-04,7.440482000000000432e-05
2.037916999999999923e-01,3.860170000000000008e-04,7.430428000000000477e-05
2.042471999999999899e-01,4.882040000000000034e-04,7.478166999999999378e-05
2.047026999999999874e-01,4.574760999999999888e-04,7.390245000000000256e-05
2.051582000000000128e-01,4.992717999999999722e-04,7.440772000000000390e-05
2.056137000000000103e-01,4.646601000000000203e-04,7.385185000000000003e-05
2.060693000000000108e-01,4.889459000000000513e-04,7.429111000000000503e-05
2.065248000000000084e-01,5.321167000000000345e-04,7.466846000000000236e-05
2.069803000000000059e-01,4.934275000000000119e-04,7.408944000000000532e-05
2.074358000000000035e-01,5.410366000000000437e-04,7.381111999999999678e-05
2.078913000000000011e-01,4.861258999999999936e-04,7.372711000000000162e-05
2.083467999999999987e-01,5.244705000000000330e-04,7.404583000000000388e-05
2.088022999999999962e-01,5.182274000000000385e-04,7.418860000000000320e-05
2.092577999999999938e-01,3.835725999999999806e-04,7.358534000000000450e-05
2.097132999999999914e-01,4.075277999999999778e-04,7.401125999999999788e-05
2.101687999999999890e-01,5.634416000000000164e-04,7.319077999999999587e-05
2.106242999999999865e-01,4.758062999999999984e-04,7.380877999999999571e-05
2.110797000000000090e-01,6.014574000000000396e-04,7.358608000000000206e-05
2.115352000000000066e-01,4.225923000000000027e-04,7.319481999999999388e-05
2.119907000000000041e-01,4.385031000000000063e-04,7.368260000000000499e-05
2.124462000000000017e-01,5.027941000000000181e-04,7.377239999999999861e-05
2.129016999999999993e-01,5.326378000000000319e-04,7.362623000000000540e-05
2.133570999999999940e-01,3.650583000000000213e-04,7.270498000000000130e-05
2.138125999999999916e-01,4.890511999999999637e-04,7.353886000000000559e-05
2.142680999999999891e-01,4.808605000000000084e-04,7.366113999999999453e-05
2.147235000000000116e-01,4.395668000000000145e-04,7.315156000000000338e-05
2.151790000000000092e-01,5.089846999999999991e-04,7.322857999999999744e-05
2.156344000000000038e-01,5.813676999999999734e-04,7.258462999999999829e-05
2.160899000000000014e-01,4.223774999999999925e-04,7.471679999999999587e-05
2.165453999999999990e-01,5.027758999999999917e-04,7.594547999999999848e-05
2.170007999999999937e-01,3.228287000000000149e-04,7.605082999999999570e-05
2.174561999999999884e-01,3.493971000000000229e-04,7.755002000000000260e-05
2.179117000000000137e-01,5.707193000000000162e-04,7.751981000000000344e-05
2.183671000000000084e-01,5.435130000000000256e-04,7.879095999999999550e-05
2.188226000000000060e-01,4.264010000000000261e-04,7.840425999999999461e-05
2.192780000000000007e-01,4.084490999999999990e-04,7.873229999999999834e-05
2.197333999999999954e-01,4.082506000000000177e-04,8.003384000000000214e-05
2.201888999999999930e-01,4.427152000000000062e-04,7.955972999999999865e-05
2.206442999999999877e-01,4.040816000000000243e-04,8.096208999999999448e-05
2.210997000000000101e-01,3.599656999999999813e-04,7.999880000000000391e-05
2.215552000000000077e-01,5.406830000000000273e-04,8.097408000000000654e-05
2.220106000000000024e-01,4.350134999999999983e-04,8.166504000000000102e-05
2.224659999999999971e-01,2.863071999999999818e-04,8.131620000000000590e-05
2.229213999999999918e-01,5.206742000000000098e-04,8.220081999999999541e-05
2.233767999999999865e-01,6.019124999999999736e-04,8.234597999999999929e-05
2.238322000000000089e-01,4.290041999999999879e-04,8.286348000000000238e-05
2.242876000000000036e-01,2.962137999999999794e-04,8.287281000000000454e-05
2.247429999999999983e-01,4.723718000000000231e-04,8.024105999999999708e-05
2.251983999999999930e-01,3.744708000000000129e-04,8.024965000000000169e-05
2.256537999999999877e-01,4.794347000000000127e-04,7.883699000000000360e-05
2.261092000000000102e-01,4.318176999999999975e-04,7.905377000000000324e-05
2.265646000000000049e-01,4.336755999999999988e-04,7.803727000000000374e-05
2.270199999999999996e-01,4.843960000000000019e-04,7.754809000000000311e-05
2.274753999999999943e-01,4.518047000000000079e-04,7.759254999999999625e-05
2.279307999999999890e-01,3.565614999999999844e-04,7.696298000000000017e-05
2.283862000000000114e-01,4.385589000000000067e-04,7.744690999999999945e-05
2.288415000000000032e-01,3.785346000000000197e-04,7.616979999999999704e-05
2.292968999999999979e-01,3.948159999999999821e-04,7.660766999999999967e-05
2.297522999999999926e-01,4.126151999999999793e-04,7.611334000000000469e-05
2.302076000000000122e-01,4.423227000000000061e-04,7.608100000000000561e-05
2.306630000000000069e-01,4.388969999999999959e-04,7.607572000000000216e-05
2.311184000000000016e-01,4.035722999999999849e-04,7.584420000000000137e-05
2.315736999999999934e-01,4.703112999999999977e-04,7.569714000000000011e-05
2.320290999999999881e-01,4.207096999999999812e-04,7.560943000000000362e-05
2.324844000000000077e-01,3.625162000000000241e-04,7.509966999999999988e-05
2.329398000000000024e-01,3.265583999999999870e-04,7.519995999999999549e-05
2.333950999999999942e-01,5.021230999999999698e-04,7.482822999999999829e-05
2.338504999999999889e-01,4.100411000000000203e-04,7.527513999999999636e-05
2.343058000000000085e-01,3.846616999999999766e-04,7.414252000000000516e-05
2.347612000000000032e-01,5.077659999999999899e-04,7.476059999999999704e-05
2.352164999999999950e-01,3.540861000000000182e-04,7.438957999999999530e-05
2.356717999999999869e-01,4.067391999999999969e-04,7.429608000000000035e-05
2.361272000000000093e-01,3.817598000000000172e-04,7.438388000000000313e-05
2.365825000000000011e-01,5.168371999999999853e-04,7.425761999999999326e-05
2.370377999999999930e-01,4.815196999999999902e-04,7.439829999999999545e-05
2.374931000000000125e-01,3.425117000000000092e-04,7.377813000000000643e-05
2.379485000000000072e-01,3.327677000000000022e-04,7.376399999999999374e-05
2.384037999999999990e-01,3.999456000000000083e-04,7.369883000000000196e-05
2.388590999999999909e-01,4.469667999999999775e-04,7.332458000000000465e-05
2.393144000000000104e-01,3.829851999999999801e-04,7.381374000000000388e-05
2.397697000000000023e-01,3.738465000000000061e-04,7.343598000000000497e-05
2.402249999999999941e-01,3.272699000000000224e-04,7.341378999999999765e-05
2.406803000000000137e-01,3.339462000000000181e-04,7.350392000000000080e-05
2.411356000000000055e-01,3.226297000000000257e-04,7.261625000000000122e-05
2.415908999999999973e-01,3.483496000000000097e-04,7.311090000000000503e-05
2.420461999999999891e-01,4.024616999999999756e-04,7.242888999999999968e-05
2.425015000000000087e-01,3.496799000000000196e-04,7.323878000000000625e-05
2.429568000000000005e-01,3.675972999999999914e-04,7.225199999999999873e-05
2.434119999999999895e-01,2.527472999999999916e-04,7.276996999999999405e-05
2.438673000000000091e-01,3.077913999999999954e-04,7.258721000000000259e-05
2.443226000000000009e-01,4.213889999999999867e-04,7.211935000000000264e-05
2.447778999999999927e-01,2.422167000000000081e-04,7.267845000000000208e-05
2.452331000000000094e-01,5.283304999999999859e-04,7.208014999999999800e-05
2.456884000000000012e-01,4.886263999999999538e-04,7.230044999999999994e-05
2.461436999999999931e-01,3.463154000000000080e-04,7.269507999999999992e-05
2.465989000000000098e-01,4.135028999999999810e-04,7.155092000000000103e-05
2.470542000000000016e-01,3.883188000000000199e-04,7.189927000000000254e-05
2.475093999999999905e-01,3.246386000000000193e-04,7.134608999999999710e-05
2.479647000000000101e-01,4.192700999999999958e-04,7.230677999999999552e-05
2.484198999999999991e-01,4.274503999999999825e-04,7.187995999999999340e-05
2.488751999999999909e-01,4.176437000000000075e-04,7.113708999999999961e-05
2.493304000000000076e-01,4.280652000000000025e-04,7.192243999999999710e-05
2.497856999999999994e-01,2.578063999999999920e-04,7.133369999999999772e-05
2.502408999999999883e-01,5.880807999999999956e-04,7.200434999999999442e-05
2.506960999999999773e-01,2.730416999999999848e-04,7.144055000000000500e-05
2.511514000000000246e-01,4.428373000000000097e-04,7.138767000000000560e-05
2.516066000000000136e-01,3.358516000000000084e-04,7.157530999999999963e-05
2.520618000000000025e-01,4.727924000000000102e-04,7.090150999999999940e-05
2.525169999999999915e-01,3.808853999999999972e-04,7.094140999999999880e-05
2.529721999999999804e-01,4.071219000000000162e-04,7.074205999999999875e-05
2.534274000000000249e-01,4.210861000000000205e-04,7.066545000000000628e-05
2.538827000000000167e-01,2.906160999999999770e-04,7.057634000000000672e-05
2.543379000000000056e-01,2.934357000000000068e-04,7.033413000000000349e-05
2.547930999999999946e-01,2.722832000000000225e-04,7.056598000000000026e-05
2.552482999999999835e-01,4.065777999999999818e-04,6.995684999999999751e-05
2.557034999999999725e-01,2.431152000000000063e-04,6.985186999999999907e-05
2.561587000000000169e-01,3.651023000000000094e-04,6.993582000000000357e-05
2.566138000000000030e-01,4.153132000000000134e-04,6.969795000000000580e-05
2.570689999999999920e-01,4.532795000000000162e-04,7.010135999999999657e-05
2.575241999999999809e-01,4.081635000000000233e-04,6.903035000000000562e-05
2.579794000000000254e-01,3.444755999999999990e-04,6.962062000000000361e-05
2.584346000000000143e-01,3.629901000000000265e-04,6.932855999999999611e-05
2.588898000000000033e-01,3.690022999999999958e-04,6.921060999999999836e-05
2.593448999999999893e-01,4.208759000000000068e-04,6.946073999999999998e-05
2.598000999999999783e-01,3.759098000000000105e-04,6.892195999999999902e-05
2.602553000000000227e-01,3.692824999999999732e-04,6.924778999999999722e-05
2.607104000000000088e-01,1.933818000000000125e-04,6.891717000000000275e-05
2.611655999999999977e-01,2.851951000000000030e-04,6.901628999999999783e-05
2.616206999999999838e-01,3.577090000000000001e-04,6.873264999999999659e-05
2.620758999999999728e-01,3.149862000000000235e-04,6.909937999999999638e-05
2.625310000000000143e-01,4.382610000000000108e-04,6.904311000000000378e-05
2.629862000000000033e-01,3.657627000000000209e-04,6.895010000000000245e-05
2.634412999999999894e-01,3.658105000000000037e-04,6.840493000000000170e-05
2.638963999999999754e-01,3.747069000000000224e-04,6.846318999999999799e-05
2.643516000000000199e-01,4.289555000000000234e-04,6.872950999999999377e-05
2.648067000000000060e-01,1.717110000000000099e-04,6.874900000000000195e-05
2.652617999999999920e-01,3.003872999999999895e-04,6.829378000000000531e-05
2.657169999999999810e-01,3.738807000000000133e-04,6.869708000000000194e-05
2.661721000000000226e-01,3.518640000000000179e-04,6.811551000000000270e-05
2.666272000000000086e-01,3.767080000000000125e-04,6.865590999999999502e-05
2.670822999999999947e-01,4.030688000000000261e-04,6.799809000000000137e-05
2.675373999999999808e-01,3.752381999999999745e-04,6.818000000000000113e-05
2.679925000000000224e-01,4.508399000000000065e-04,6.854816999999999323e-05
2.684476000000000084e-01,2.676339999999999926e-04,6.819419000000000446e-05
2.689026999999999945e-01,3.257007000000000240e-04,6.832696999999999610e-05
2.693577999999999806e-01,4.109528000000000204e-04,6.773881999999999733e-05
2.698129000000000222e-01,2.430079999999999881e-04,6.813281000000000675e-05
2.702680000000000082e-01,4.045537000000000091e-04,6.814366999999999397e-05
2.707230999999999943e-01,2.391403000000000116e-04,6.758814000000000033e-05
2.711781999999999804e-01,2.721927000000000070e-04,6.807786999999999877e-05
2.716333000000000220e-01,2.837809000000000056e-04,6.774126000000000539e-05
2.720884000000000080e-01,3.692548999999999940e-04,6.767206000000000274e-05
2.725433999999999912e-01,2.805145999999999790e-04,6.809840999999999909e-05
2.729984999999999773e-01,2.492152000000000191e-04,6.725172000000000669e-05
2.734536000000000189e-01,4.494014000000000168e-04,6.796004999999999657e-05
2.739086000000000021e-01,2.150998000000000103e-04,6.740790999999999613e-05
2.743636999999999881e-01,3.134697999999999781e-04,6.785972999999999886e-05
2.748187000000000269e-01,3.117625999999999752e-04,6.695039000000000122e-05
2.752738000000000129e-01,3.480960999999999756e-04,6.716711999999999737e-05
2.757287999999999961e-01,2.770480999999999877e-04,6.780256999999999820e-05
2.761838999999999822e-01,3.310383000000000184e-04,6.715147000000000032e-05
2.766389000000000209e-01,3.749817999999999815e-04,6.764811999999999497e-05
2.770940000000000070e-01,3.337427000000000124e-04,6.715989999999999373e-05
2.775489999999999902e-01,3.701078999999999806e-04,6.731495999999999899e-05
2.780039999999999734e-01,2.663675999999999804e-04,6.742704000000000622e-05
2.784591000000000149e-01,1.865721000000000089e-04,6.670693000000000542e-05
2.789140999999999981e-01,4.076479999999999839e-04,6.733081999999999717e-05
2.793690999999999813e-01,2.809698999999999812e-04,6.672364999999999601e-05
2.798241000000000200e-01,3.668448000000000151e-04,6.727645000000000196e-05
2.802792000000000061e-01,3.306606000000000237e-04,6.689704999999999675e-05
2.807341999999999893e-01,2.827590999999999742e-04,6.639469999999999639e-05
2.811891999999999725e-01,2.325671999999999982e-04,6.738774999999999529e-05
2.816442000000000112e-01,2.664403999999999774e-04,6.635467000000000145e-05
2.820991999999999944e-01,4.041819000000000206e-04,6.731986000000000296e-05
2.825541999999999776e-01,2.705828999999999873e-04,6.660762999999999775e-05
2.830092000000000163e-01,4.121144999999999995e-04,6.640872000000000138e-05
2.834641999999999995e-01,2.211586999999999939e-04,6.699134999999999346e-05
2.839190999999999798e-01,2.706440999999999860e-04,6.625652000000000646e-05
2.843741000000000185e-01,2.925890000000000001e-04,6.678537000000000395e-05
2.848291000000000017e-01,4.223502000000000072e-04,6.627747999999999550e-05
2.852840999999999849e-01,2.922595999999999961e-04,6.650859999999999541e-05
2.857390000000000208e-01,2.639027000000000170e-04,6.657693000000000497e-05
2.861940000000000039e-01,3.622318000000000239e-04,6.593032999999999663e-05
2.866489999999999871e-01,3.583748999999999897e-04,6.645226999999999861e-05
2.871039000000000230e-01,4.004743999999999752e-04,6.632857000000000520e-05
2.875589000000000062e-01,2.987452999999999940e-04,6.617152999999999696e-05
2.880138999999999894e-01,2.486414999999999741e-04,6.641709000000000414e-05
2.884688000000000252e-01,2.740773999999999858e-04,6.590055000000000045e-05
2.889237000000000055e-01,3.601896999999999846e-04,6.626884000000000095e-05
2.893786999999999887e-01,2.935988999999999851e-04,6.578365999999999554e-05
2.898336000000000245e-01,3.600281000000000097e-04,6.611913000000000404e-05
2.902886000000000077e-01,4.511083000000000258e-04,6.594610000000000207e-05
2.907434999999999881e-01,3.568530000000000204e-04,6.609341999999999442e-05
2.911984000000000239e-01,3.015806000000000107e-04,6.616254000000000503e-05
2.916533000000000042e-01,3.060831999999999767e-04,6.546956000000000477e-05
2.921082999999999874e-01,2.669624000000000107e-04,6.579491999999999719e-05
2.925632000000000232e-01,3.086505999999999820e-04,6.567210999999999828e-05
2.930181000000000036e-01,3.768309999999999976e-04,6.567869999999999850e-05
2.934729999999999839e-01,3.359672000000000179e-04,6.552723000000000044e-05
2.939279000000000197e-01,3.062730000000000270e-04,6.555506999999999643e-05
2.943828000000000000e-01,2.801189000000000261e-04,6.574247000000000077e-05
2.948376999999999803e-01,2.710734000000000125e-04,6.531774999999999647e-05
2.952926000000000162e-01,2.523043999999999894e-04,6.566442000000000242e-05
2.957474999999999965e-01,3.276264999999999776e-04,6.539245000000000441e-05
2.962023999999999768e-01,3.350763000000000092e-04,6.558362000000000143e-05
2.966573000000000127e-01,3.487152999999999781e-04,6.572731999999999804e-05
2.971121999999999930e-01,3.226796000000000200e-04,6.481690000000000617e-05
2.975670000000000259e-01,2.450463999999999854e-04,6.549418000000000589e-05
2.980219000000000062e-01,3.296393000000000001e-04,6.473922999999999375e-05
2.984767999999999866e-01,3.732181000000000105e-04,6.542848000000000414e-05
2.989316000000000195e-01,1.545655999999999961e-04,6.511015000000000205e-05
2.993864999999999998e-01,2.337863999999999882e-04,6.509433000000000667e-05
2.998413999999999802e-01,2.861165000000000041e-04,6.513597000000000581e-05
3.002962000000000131e-01,2.947873999999999959e-04,6.475757000000000279e-05
3.007510999999999934e-01,2.298459999999999945e-04,6.491624000000000309e-05
3.012059000000000264e-01,1.967445999999999865e-04,6.477445000000000457e-05
3.016607000000000038e-01,1.930454999999999866e-04,6.506816000000000553e-05
3.021155999999999842e-01,3.264534999999999941e-04,6.512307999999999856e-05
3.025704000000000171e-01,2.726941000000000087e-04,6.456811000000000343e-05
3.030251999999999946e-01,2.277008000000000070e-04,6.465648000000000543e-05
3.034800999999999749e-01,3.120628999999999764e-04,6.463765000000000276e-05
3.039349000000000078e-01,2.914748999999999899e-04,6.488465000000000226e-05
3.043896999999999853e-01,2.344543999999999892e-04,6.465353000000000235e-05
3.048445000000000182e-01,2.492546999999999905e-04,6.439226999999999462e-05
3.052992999999999957e-01,2.810824999999999977e-04,6.470165999999999472e-05
3.057541999999999760e-01,3.226025000000000203e-04,6.434801000000000193e-05
3.062090000000000090e-01,2.287769999999999951e-04,6.466006999999999907e-05
3.066637999999999864e-01,3.072608999999999909e-04,6.438414999999999579e-05
3.071186000000000194e-01,3.192719000000000221e-04,6.456511999999999755e-05
3.075732999999999939e-01,3.565981999999999767e-04,6.427077000000000603e-05
3.080281000000000269e-01,2.247161000000000015e-04,6.417481000000000162e-05
3.084829000000000043e-01,3.713513999999999899e-04,6.413856000000000006e-05
3.089376999999999818e-01,2.772135000000000116e-04,6.424643999999999809e-05
3.093925000000000147e-01,2.608646000000000163e-04,6.418825999999999384e-05
3.098471999999999893e-01,3.522565000000000180e-04,6.452711999999999554e-05
3.103020000000000223e-01,2.528602000000000020e-04,6.411343000000000391e-05
3.107567999999999997e-01,3.231746999999999875e-04,6.405466999999999975e-05
3.112114999999999743e-01,3.438949000000000064e-04,6.389647000000000523e-05
3.116663000000000072e-01,2.986883000000000181e-04,6.398122999999999864e-05
3.121210999999999847e-01,2.810487999999999984e-04,6.416505999999999718e-05
3.125758000000000147e-01,3.266519999999999754e-04,6.366813999999999720e-05
3.130305999999999922e-01,3.069503000000000010e-04,6.420579000000000043e-05
3.134853000000000223e-01,2.964843000000000101e-04,6.391398999999999757e-05
3.139399999999999968e-01,3.473328000000000027e-04,6.377915999999999805e-05
3.143947999999999743e-01,2.831301999999999951e-04,6.361324000000000557e-05
3.148495000000000044e-01,2.213453999999999899e-04,6.381291000000000090e-05
3.153041999999999789e-01,1.729989999999999881e-04,6.366193999999999716e-05
3.157589000000000090e-01,3.444855999999999938e-04,6.366654999999999439e-05
3.162136999999999865e-01,2.915322999999999938e-04,6.371162000000000309e-05
3.166684000000000165e-01,2.228816000000000109e-04,6.343965000000000509e-05
3.171230999999999911e-01,2.927717000000000145e-04,6.359407000000000623e-05
3.175778000000000212e-01,2.996380000000000202e-04,6.345575999999999365e-05
3.180324999999999958e-01,1.425808999999999887e-04,6.333598000000000342e-05
3.184872000000000258e-01,3.544099999999999898e-04,6.366154999999999698e-05
3.189419000000000004e-01,2.580427999999999954e-04,6.331589999999999462e-05
3.193965999999999750e-01,2.246553000000000037e-04,6.324729999999999328e-05
3.198513000000000051e-01,3.090823000000000138e-04,6.335510999999999996e-05
3.203058999999999767e-01,2.376571000000000120e-04,6.313734999999999953e-05
3.207606000000000068e-01,3.100078000000000035e-04,6.340353999999999977e-05
3.212152999999999814e-01,3.243982999999999871e-04,6.310554999999999756e-05
3.216700000000000115e-01,2.540172999999999845e-04,6.333684999999999652e-05
3.221245999999999832e-01,4.038523000000000026e-04,6.298191999999999549e-05
3.225793000000000132e-01,1.851931999999999873e-04,6.304091000000000219e-05
3.230338999999999849e-01,2.519798999999999759e-04,6.320784999999999826e-05
3.234886000000000150e-01,2.781382999999999794e-04,6.284122000000000546e-05
3.239431999999999867e-01,2.017153999999999898e-04,6.315437999999999824e-05
3.243979000000000168e-01,3.043182999999999761e-04,6.273530999999999617e-05
3.248524999999999885e-01,2.986026000000000132e-04,6.302758000000000481e-05
3.253072000000000186e-01,1.987302000000000035e-04,6.275853999999999493e-05
3.257617999999999903e-01,3.261753999999999739e-04,6.267571000000000101e-05
3.262164000000000175e-01,1.977512999999999916e-04,6.302145999999999681e-05
3.266710999999999920e-01,3.252441000000000121e-04,6.232785999999999383e-05
3.271257000000000192e-01,2.275365000000000059e-04,6.301625999999999896e-05
3.275802999999999909e-01,3.041661999999999881e-04,6.279013999999999646e-05
3.280349000000000181e-01,3.000527000000000012e-04,6.225766000000000253e-05
3.284894999999999898e-01,2.301841999999999907e-04,6.303574999999999359e-05
3.289441000000000170e-01,2.525067999999999996e-04,6.223129000000000095e-05
3.293986999999999887e-01,2.914764000000000135e-04,6.294524000000000451e-05
3.298533000000000159e-01,2.291313000000000063e-04,6.226635000000000058e-05
3.303078999999999876e-01,2.250742000000000075e-04,6.253134999999999889e-05
3.307625000000000148e-01,2.857607999999999763e-04,6.223385000000000386e-05
3.312170999999999865e-01,2.535317000000000039e-04,6.246224000000000253e-05
3.316717000000000137e-01,2.235369999999999979e-04,6.255150999999999973e-05
3.321261999999999825e-01,2.975952999999999932e-04,6.220030000000000144e-05
3.325808000000000098e-01,2.867359000000000205e-04,6.230948999999999624e-05
3.330353999999999814e-01,1.827920999999999875e-04,6.241369999999999503e-05
3.334899000000000058e-01,3.381497000000000127e-04,6.230499000000000670e-05
3.339444999999999775e-01,3.121646999999999963e-04,6.225292999999999691e-05
3.343990000000000018e-01,2.833474000000000105e-04,6.188466999999999850e-05
3.348535999999999735e-01,3.484013000000000214e-04,6.222422999999999496e-05
3.353080999999999978e-01,1.808466000000000110e-04,6.208421999999999899e-05
3.357627000000000250e-01,3.495004999999999922e-04,6.209048000000000323e-05
3.362171999999999938e-01,1.164086999999999956e-04,6.213938999999999596e-05
3.366717000000000182e-01,1.136584000000000026e-04,6.159012000000000655e-05
3.371262999999999899e-01,2.777473000000000030e-04,6.218793000000000346e-05
3.375808000000000142e-01,3.011865000000000072e-04,6.169713999999999862e-05
3.380352999999999830e-01,2.158871999999999885e-04,6.204356000000000064e-05
3.384898000000000073e-01,1.302786999999999966e-04,6.168582999999999348e-05
3.389442999999999762e-01,2.453903000000000009e-04,6.196467999999999844e-05
3.393989000000000034e-01,1.902330999999999998e-04,6.171158000000000589e-05
3.398534000000000277e-01,1.778057000000000042e-04,6.144641999999999639e-05
3.403078999999999965e-01,3.003033000000000221e-04,6.181844000000000033e-05
3.407624000000000208e-01,2.549774999999999893e-04,6.185933000000000122e-05
3.412167999999999868e-01,2.152993999999999871e-04,6.314618999999999452e-05
3.416713000000000111e-01,2.429843000000000107e-04,6.396622000000000570e-05
3.421257999999999799e-01,1.483974000000000100e-04,6.364507999999999678e-05
3.425803000000000043e-01,2.414795999999999978e-04,6.524137999999999368e-05
3.430347999999999731e-01,3.202352999999999797e-04,6.538929000000000020e-05
3.434891999999999945e-01,2.054465000000000056e-04,6.574218999999999473e-05
3.439437000000000189e-01,1.735924000000000017e-04,6.741081999999999641e-05
3.443981999999999877e-01,2.404584000000000083e-04,6.931867999999999613e-05
3.448526000000000091e-01,2.329815000000000054e-04,7.008698999999999420e-05
3.453070999999999779e-01,1.823995000000000076e-04,7.009142000000000595e-05
3.457614999999999994e-01,2.635981000000000131e-04,7.175118999999999768e-05
3.462160000000000237e-01,2.328126000000000078e-04,7.201360000000000454e-05
3.466703999999999897e-01,2.923382000000000194e-04,7.291602000000000597e-05
3.471248000000000111e-01,1.350593000000000030e-04,7.386363999999999810e-05
3.475792999999999799e-01,3.114193999999999816e-04,7.338524999999999335e-05
3.480337000000000014e-01,2.697713000000000238e-04,7.411808000000000307e-05
3.484881000000000228e-01,2.052006999999999952e-04,7.474647999999999861e-05
3.489424999999999888e-01,2.395803000000000006e-04,7.571600000000000487e-05
3.493969000000000102e-01,2.385653000000000112e-04,7.653728999999999578e-05
3.498512999999999762e-01,2.613572999999999786e-04,7.377041999999999562e-05
3.503056999999999976e-01,2.189094999999999951e-04,7.376255000000000073e-05
3.507601000000000191e-01,2.081832999999999893e-04,7.257013000000000038e-05
3.512144999999999850e-01,3.157872000000000044e-04,7.286272000000000430e-05
3.516689000000000065e-01,3.142735000000000125e-04,7.241069000000000043e-05
3.521232999999999724e-01,8.204549999999999907e-05,7.235254999999999898e-05
3.525776999999999939e-01,2.196060999999999912e-04,7.257854000000000594e-05
3.530321000000000153e-01,3.067294000000000249e-04,7.151024000000000128e-05
3.534863999999999784e-01,3.764347999999999826e-04,7.210715000000000299e-05
3.539407999999999999e-01,2.208531000000000014e-04,7.122146000000000639e-05
3.543952000000000213e-01,2.539549999999999902e-04,7.182812999999999969e-05
3.548494999999999844e-01,2.831183000000000029e-04,7.173442000000000360e-05
3.553039000000000058e-01,3.205249000000000184e-04,7.141074000000000672e-05
3.557582000000000244e-01,3.188954999999999828e-04,7.139082999999999627e-05
3.562125999999999904e-01,1.610593999999999915e-04,7.066265000000000014e-05
3.566669000000000089e-01,2.773232999999999948e-04,7.110755000000000667e-05
3.571212999999999749e-01,2.094696999999999911e-04,7.097232000000000627e-05
3.575755999999999935e-01,1.944814000000000113e-04,7.037350999999999362e-05
3.580299000000000120e-01,3.270042999999999821e-04,7.125626000000000139e-05
3.584841999999999751e-01,2.763930999999999745e-04,6.986414000000000361e-05
3.589385999999999965e-01,2.092634000000000063e-04,7.043255000000000381e-05
3.593929000000000151e-01,2.481987000000000060e-04,7.053311000000000476e-05
3.598471999999999782e-01,1.359045999999999930e-04,7.038562000000000052e-05
3.603014999999999968e-01,1.307559999999999929e-04,7.100735000000000380e-05
3.607558000000000153e-01,2.457296000000000198e-04,6.998843999999999834e-05
3.612100999999999784e-01,2.089981999999999940e-04,7.098374000000000556e-05
3.616643999999999970e-01,1.920287999999999867e-04,7.013556000000000380e-05
3.621187000000000156e-01,2.241171000000000027e-04,7.061202999999999621e-05
3.625728999999999758e-01,3.089723000000000165e-04,7.064984999999999917e-05
3.630271999999999943e-01,1.693622999999999895e-04,7.030716000000000060e-05
3.634815000000000129e-01,1.892456000000000097e-04,7.053385000000000232e-05
3.639357999999999760e-01,1.077209000000000006e-04,7.045616000000000205e-05
3.643899999999999917e-01,1.244080000000000056e-04,7.034991999999999678e-05
3.648443000000000103e-01,1.355436000000000011e-04,7.033207999999999561e-05
3.652985000000000260e-01,1.899252000000000091e-04,6.997506999999999816e-05
3.657527999999999890e-01,2.348003999999999890e-04,7.076146000000000063e-05
3.662070000000000047e-01,2.992580000000000001e-04,7.012454000000000538e-05
3.666613000000000233e-01,2.257404999999999980e-04,7.019064999999999517e-05
3.671154999999999835e-01,2.369204000000000026e-04,6.985695000000000207e-05
3.675696999999999992e-01,2.204111999999999879e-04,6.992032000000000347e-05
3.680240000000000178e-01,2.134028999999999961e-04,7.050214999999999379e-05
3.684781999999999780e-01,2.109994999999999980e-04,6.936730999999999637e-05
3.689323999999999937e-01,2.122427999999999934e-04,7.015578999999999598e-05
3.693866000000000094e-01,1.783245000000000034e-04,6.916580999999999500e-05
3.698408000000000251e-01,2.850425000000000072e-04,6.992028000000000067e-05
3.702949999999999853e-01,2.677065999999999756e-04,6.959410000000000509e-05
3.707492000000000010e-01,1.647138000000000085e-04,6.946783999999999522e-05
3.712034000000000167e-01,2.080215000000000005e-04,6.926763000000000278e-05
3.716575999999999769e-01,2.432613000000000082e-04,6.928792999999999985e-05
3.721117999999999926e-01,2.787004000000000261e-04,6.964394999999999581e-05
3.725660000000000083e-01,1.479065000000000111e-04,6.919291999999999413e-05
3.730202000000000240e-01,1.247862000000000081e-04,6.918982999999999481e-05
3.734742999999999813e-01,2.402934000000000125e-04,6.980069999999999732e-05
3.739284999999999970e-01,2.031629000000000128e-04,6.921038999999999653e-05
3.743827000000000127e-01,3.099131999999999994e-04,6.964427000000000464e-05
3.748368000000000255e-01,3.083563000000000211e-04,6.941996999999999393e-05
3.752909999999999857e-01,1.907149000000000127e-04,6.954812000000000049e-05
3.757450999999999985e-01,2.773210000000000237e-04,6.938070999999999865e-05
3.761993000000000142e-01,2.405472999999999932e-04,6.932854999999999541e-05
3.766534000000000271e-01,1.688557000000000035e-04,7.004041000000000184e-05
3.771074999999999844e-01,1.533111000000000033e-04,6.937441000000000516e-05
3.775617000000000001e-01,1.722830999999999972e-04,6.995021999999999449e-05
3.780158000000000129e-01,1.626859999999999938e-04,6.955045000000000086e-05
3.784699000000000257e-01,1.555291999999999948e-04,6.953000999999999399e-05
3.789239999999999831e-01,2.201952000000000022e-04,6.991062000000000253e-05
3.793780999999999959e-01,1.661456999999999973e-04,6.983609999999999362e-05
3.798322000000000087e-01,1.603540000000000033e-04,6.969499000000000202e-05
3.802863000000000215e-01,1.866027000000000083e-04,6.948350000000000652e-05
3.807403999999999789e-01,1.908431000000000092e-04,7.011862999999999852e-05
3.811944999999999917e-01,1.895482999999999890e-04,6.977885000000000023e-05
3.816486000000000045e-01,3.287866000000000074e-04,6.963868999999999376e-05
3.821027000000000173e-01,9.419666999999999678e-05,6.973695999999999715e-05
3.825567999999999746e-01,1.666349999999999928e-04,6.967342999999999811e-05
3.830107999999999846e-01,2.759422000000000090e-04,7.031344999999999338e-05
3.834648999999999974e-01,3.264367000000000115e-04,6.975109999999999698e-05
3.839190000000000103e-01,1.383249999999999877e-04,6.989467999999999875e-05
3.843730000000000202e-01,7.427521000000000405e-05,7.025806999999999528e-05
3.848270999999999775e-01,1.187396999999999975e-04,6.963787000000000416e-05
3.852810999999999875e-01,1.519481999999999897e-04,7.042565999999999616e-05
3.857352000000000003e-01,2.454213000000000011e-04,6.970118000000000136e-05
3.861892000000000102e-01,1.845491000000000048e-04,7.021820999999999868e-05
3.866432000000000202e-01,2.775866000000000097e-04,7.026175999999999592e-05
3.870972999999999775e-01,1.203272999999999957e-04,6.960996000000000327e-05
3.875512999999999875e-01,2.728392999999999747e-04,7.065538999999999370e-05
3.880052999999999974e-01,2.477269000000000151e-04,6.998413999999999568e-05
3.884593000000000074e-01,2.368109999999999931e-04,7.033785000000000623e-05
3.889133000000000173e-01,1.640482999999999926e-04,7.025572999999999421e-05
3.893673000000000273e-01,1.317772999999999894e-04,6.961360000000000041e-05
3.898212999999999817e-01,2.091337999999999932e-04,7.045499000000000152e-05
3.902752999999999917e-01,2.093544000000000026e-04,6.993328000000000207e-05
3.907293000000000016e-01,2.407893999999999887e-04,7.037306000000000279e-05
3.911833000000000116e-01,3.061914000000000107e-04,7.046275000000000227e-05
3.916373000000000215e-01,1.251817000000000012e-04,7.032180999999999545e-05
3.920912999999999760e-01,1.502513000000000026e-04,7.057423999999999534e-05
3.925451999999999830e-01,1.659472999999999959e-04,6.977422000000000160e-05
3.929991999999999930e-01,1.751041999999999963e-04,7.064905999999999812e-05
3.934531000000000001e-01,1.182347000000000015e-04,7.025051999999999566e-05
3.939071000000000100e-01,2.978370000000000149e-04,7.052045000000000004e-05
3.943611000000000200e-01,2.603357999999999953e-04,7.046460999999999686e-05
3.948150000000000270e-01,7.035278000000000034e-06,6.991997000000000609e-05
3.952688999999999786e-01,1.948999999999999940e-04,7.082917999999999463e-05
3.957228999999999886e-01,1.724399999999999956e-04,7.040807999999999962e-05
3.961767999999999956e-01,8.364992999999999550e-05,7.053120000000000667e-05
3.966307000000000027e-01,2.825726000000000192e-04,7.042083999999999779e-05
3.970846000000000098e-01,1.712709999999999938e-04,7.057185000000000433e-05
3.975386000000000197e-01,1.195637000000000018e-04,7.112551000000000268e-05
3.979925000000000268e-01,1.777860000000000085e-04,6.982602999999999391e-05
3.984463999999999784e-01,1.464241999999999931e-04,7.083791999999999617e-05
3.989002999999999854e-01,1.564015000000000034e-04,7.046567000000000325e-05
3.993541999999999925e-01,5.909592999999999986e-05,7.087593999999999958e-05
3.998080999999999996e-01,2.648853000000000167e-04,7.109425999999999853e-05
4.002619000000000038e-01,3.036803000000000137e-04,6.986185000000000604e-05
4.007158000000000109e-01,1.177545999999999991e-04,7.098549000000000601e-05
4.011697000000000179e-01,8.372072000000000097e-05,7.058146999999999967e-05
4.016236000000000250e-01,2.471850000000000262e-04,7.093332000000000207e-05
4.020773999999999737e-01,2.140539000000000005e-04,7.075559999999999727e-05
4.025312999999999808e-01,2.931769000000000085e-04,7.066325000000000145e-05
4.029850999999999850e-01,2.606694000000000220e-04,7.141674000000000633e-05
4.034389999999999921e-01,1.911476000000000060e-04,7.029459000000000217e-05
4.038927999999999963e-01,1.885202000000000047e-04,7.055131000000000401e-05
4.043467000000000033e-01,2.683048000000000269e-04,7.095888000000000119e-05
4.048005000000000075e-01,1.565683999999999967e-04,7.085911000000000130e-05
4.052543000000000117e-01,1.683563000000000062e-04,7.152268000000000416e-05
4.057082000000000188e-01,1.383133999999999893e-04,7.047188000000000399e-05
4.061620000000000230e-01,1.191815999999999975e-04,7.097781999999999800e-05
4.066158000000000272e-01,4.171800999999999667e-05,7.065715999999999555e-05
4.070695999999999759e-01,1.682389000000000063e-04,7.099551000000000223e-05
4.075233999999999801e-01,2.511355999999999745e-04,7.073827000000000467e-05
4.079771999999999843e-01,9.238569999999999877e-05,7.030198000000000415e-05
4.084309999999999885e-01,1.681801000000000129e-04,7.078142000000000103e-05
4.088847999999999927e-01,1.462653999999999972e-04,7.042954999999999723e-05
4.093385999999999969e-01,1.493126999999999909e-04,7.051255000000000305e-05
4.097924000000000011e-01,2.338219000000000050e-04,7.022116000000000176e-05
4.102461000000000024e-01,1.320338999999999964e-04,7.035861999999999553e-05
4.106999000000000066e-01,1.402616999999999991e-04,7.092756000000000570e-05
4.111537000000000108e-01,2.447473000000000140e-04,7.035652999999999840e-05
4.116074000000000122e-01,1.793928999999999880e-04,7.042598000000000499e-05
4.120612000000000164e-01,2.270592999999999895e-04,7.030381999999999734e-05
4.125149000000000177e-01,7.766076999999999811e-05,7.029666999999999860e-05
4.129687000000000219e-01,3.041443999999999810e-04,7.086013000000000489e-05
4.134224000000000232e-01,1.703316999999999874e-04,6.993187999999999900e-05
4.138761000000000245e-01,2.256406000000000026e-04,7.088546000000000148e-05
4.143298000000000259e-01,1.050252999999999988e-04,7.027168999999999939e-05
4.147835999999999745e-01,2.001786999999999881e-04,7.076332999999999593e-05
4.152372999999999759e-01,9.985077000000000080e-05,7.025162000000000485e-05
4.156909999999999772e-01,1.369933999999999952e-04,7.032178999999999405e-05
4.161446999999999785e-01,1.586082999999999905e-04,7.108038000000000333e-05
4.165983999999999798e-01,1.774624000000000036e-04,7.021004999999999705e-05
4.170520999999999812e-01,2.994264000000000170e-04,7.104637999999999654e-05
4.175057999999999825e-01,1.543067999999999979e-04,7.011117000000000521e-05
4.179594999999999838e-01,1.806394999999999973e-04,7.085367000000000021e-05
4.184130999999999823e-01,1.030022999999999947e-04,7.095242999999999722e-05
4.188667999999999836e-01,2.649826999999999998e-04,7.025636999999999833e-05
4.193204999999999849e-01,1.069596999999999985e-04,7.073151000000000611e-05
4.197741999999999862e-01,8.124210999999999998e-05,7.044634000000000627e-05
4.202277999999999847e-01,1.117693000000000007e-04,7.087506000000000578e-05
4.206814999999999860e-01,2.306874000000000099e-04,7.091727000000000415e-05
4.211350999999999845e-01,1.569200999999999886e-04,7.031868999999999403e-05
4.215887999999999858e-01,1.800717999999999926e-04,7.124441999999999982e-05
4.220423999999999842e-01,1.763434000000000030e-04,7.053782999999999614e-05
4.224959999999999827e-01,2.301461999999999887e-04,7.102230999999999323e-05
4.229496999999999840e-01,2.062513000000000085e-04,7.049500999999999576e-05
4.234032999999999825e-01,8.813450000000000125e-05,7.064198000000000428e-05
4.238568999999999809e-01,1.338094000000000067e-04,7.154050000000000394e-05
4.243104999999999793e-01,2.436830999999999980e-04,7.029044999999999716e-05
4.247640999999999778e-01,1.426011999999999994e-04,7.126577000000000259e-05
4.252176999999999762e-01,1.920605999999999887e-04,7.057207999999999331e-05
4.256712999999999747e-01,1.705711999999999908e-04,7.105318999999999860e-05
4.261248999999999731e-01,8.608113000000000028e-05,7.089477000000000224e-05
4.265785000000000271e-01,2.429034999999999962e-04,7.071051000000000072e-05
4.270321000000000256e-01,1.456379000000000104e-04,7.124211000000000085e-05
4.274856000000000211e-01,7.580920000000000594e-05,7.055334999999999764e-05
4.279392000000000196e-01,1.230953000000000071e-04,7.117979000000000515e-05
4.283928000000000180e-01,2.486928999999999919e-04,7.123523999999999460e-05
4.288463000000000136e-01,1.180228000000000044e-04,7.078582999999999783e-05
4.292999000000000120e-01,1.059888000000000041e-04,7.127759000000000276e-05
4.297534000000000076e-01,2.056491000000000026e-04,7.059939999999999358e-05
4.302069000000000032e-01,7.443744999999999659e-05,7.128202000000000095e-05
4.306605000000000016e-01,2.534918999999999844e-04,7.077376999999999442e-05
4.311139999999999972e-01,6.032729000000000021e-05,7.071463000000000434e-05
4.315674999999999928e-01,1.234908000000000002e-04,7.153584000000000321e-05
4.320210999999999912e-01,1.530039999999999872e-04,7.084225000000000092e-05
4.324745999999999868e-01,1.655342999999999984e-04,7.138240000000000286e-05
4.329280999999999824e-01,1.310228000000000087e-04,7.100410999999999398e-05
4.333815999999999780e-01,1.974084999999999989e-04,7.128749000000000413e-05
4.338350999999999735e-01,6.073117999999999746e-05,7.129783999999999634e-05
4.342886000000000246e-01,1.497877999999999959e-04,7.093148999999999602e-05
4.347421000000000202e-01,2.588057999999999743e-04,7.144252999999999444e-05
4.351955000000000129e-01,1.097187999999999972e-04,7.091437000000000456e-05
4.356490000000000085e-01,1.553434000000000076e-04,7.141096999999999571e-05
4.361025000000000040e-01,2.101718999999999994e-04,7.116030999999999767e-05
4.365559999999999996e-01,2.830333000000000198e-04,7.118659999999999365e-05
4.370093999999999923e-01,3.124816000000000204e-04,7.158630999999999664e-05
4.374628999999999879e-01,9.181409000000000510e-05,7.091977000000000285e-05
4.379162999999999806e-01,1.087347000000000010e-04,7.166431000000000504e-05
4.383697999999999761e-01,2.610008999999999832e-04,7.090015999999999983e-05
4.388232000000000244e-01,1.815941999999999969e-04,7.160547999999999599e-05
4.392766000000000171e-01,1.960204999999999912e-04,7.155263999999999939e-05
4.397301000000000126e-01,2.550904999999999796e-04,7.109656999999999750e-05
4.401835000000000053e-01,1.996004000000000007e-04,7.153287999999999943e-05
4.406368999999999980e-01,6.232300999999999336e-05,7.086279000000000124e-05
4.410902999999999907e-01,8.660823999999999801e-05,7.164055999999999701e-05
4.415436999999999834e-01,1.513283999999999994e-04,7.140988000000000077e-05
4.419970999999999761e-01,2.362801999999999947e-04,7.151344999999999545e-05
4.424505000000000243e-01,1.192973000000000072e-05,7.137602000000000378e-05
4.429039000000000170e-01,1.372117000000000063e-04,7.121820999999999588e-05
4.433573000000000097e-01,1.276816000000000008e-04,7.193625000000000095e-05
4.438105999999999995e-01,2.032381999999999949e-04,7.138733999999999607e-05
4.442639999999999922e-01,1.502863999999999914e-04,7.146283000000000507e-05
4.447173999999999849e-01,1.703902999999999939e-04,7.182711999999999680e-05
4.451706999999999748e-01,2.221512999999999884e-04,7.092763999999999775e-05
4.456241000000000230e-01,1.375705000000000070e-05,7.175787000000000419e-05
4.460774000000000128e-01,7.295684000000000197e-05,7.082024999999999334e-05
4.465308000000000055e-01,8.856111000000000224e-05,7.181470999999999601e-05
4.469840999999999953e-01,1.530105000000000083e-04,7.156859000000000387e-05
4.474374999999999880e-01,2.342572999999999975e-04,7.155210000000000227e-05
4.478907999999999778e-01,2.007005999999999873e-04,7.203591000000000670e-05
4.483441000000000232e-01,2.335132999999999924e-04,7.094490999999999970e-05
4.487974000000000130e-01,7.963170000000000534e-05,7.185741000000000155e-05
4.492507000000000028e-01,3.521503999999999954e-04,7.169663000000000273e-05
4.497039999999999926e-01,9.892899000000000029e-05,7.166048999999999531e-05
4.501572999999999825e-01,1.719157999999999982e-04,7.220548999999999772e-05
4.506105999999999723e-01,1.651846999999999907e-04,7.124005000000000582e-05
4.510639000000000176e-01,8.250539999999999784e-05,7.204657999999999419e-05
4.515172000000000074e-01,2.858347000000000231e-04,7.163955999999999482e-05
4.519704999999999973e-01,2.043162000000000005e-04,7.128034000000000540e-05
4.524236999999999842e-01,8.799373999999999347e-05,7.185151999999999609e-05
4.528769999999999740e-01,1.073098000000000004e-04,7.166720000000000393e-05
4.533303000000000194e-01,1.690890000000000069e-04,7.217921000000000243e-05
4.537835000000000063e-01,1.167717000000000055e-04,7.111253000000000268e-05
4.542367999999999961e-01,4.448399000000000233e-05,7.178754999999999338e-05
4.546899999999999831e-01,1.530384999999999883e-04,7.204133999999999354e-05
4.551432000000000255e-01,2.698174000000000232e-04,7.192878999999999408e-05
4.555965000000000154e-01,3.453589000000000181e-05,7.187872000000000152e-05
4.560497000000000023e-01,1.853733999999999894e-04,7.143093999999999681e-05
4.565028999999999892e-01,2.563829000000000216e-04,7.199924000000000287e-05
4.569560999999999762e-01,1.603688000000000086e-04,7.183544999999999677e-05
4.574093000000000186e-01,1.798539000000000095e-04,7.218139000000000586e-05
4.578625000000000056e-01,1.864250999999999983e-04,7.193243000000000477e-05
4.583156999999999925e-01,1.300832000000000084e-04,7.166748999999999711e-05
4.587688999999999795e-01,2.167642000000000006e-04,7.227284000000000648e-05
4.592221000000000219e-01,1.314312999999999896e-04,7.184527999999999325e-05
4.596753000000000089e-01,1.505369000000000054e-04,7.188217999999999962e-05
4.601283999999999930e-01,1.241988000000000076e-04,7.187597999999999958e-05
4.605815999999999799e-01,9.395209000000000394e-05,7.219190999999999640e-05
4.610348000000000224e-01,2.135334999999999978e-04,7.256654999999999388e-05
4.614879000000000064e-01,2.197721000000000028e-04,7.146498999999999354e-05
4.619410999999999934e-01,4.058748999999999652e-06,7.226795000000000321e-05
4.623941999999999775e-01,1.269700000000000125e-04,7.177067000000000516e-05
4.628474000000000199e-01,9.892163000000000041e-05,7.245442999999999740e-05
4.633005000000000040e-01,9.772605999999999654e-05,7.210878999999999575e-05
4.637535999999999881e-01,1.712246000000000005e-04,7.144140999999999740e-05
4.642067000000000276e-01,8.474016000000000285e-05,7.273474999999999678e-05
4.646599000000000146e-01,1.784668000000000105e-04,7.175336000000000040e-05
4.651129999999999987e-01,8.601991000000000021e-05,7.233926000000000440e-05
4.655660999999999827e-01,2.545561999999999803e-04,7.254497000000000213e-05
4.660192000000000223e-01,2.019303999999999869e-04,7.189087999999999837e-05
4.664723000000000064e-01,3.061205000000000111e-04,7.541643000000000055e-05
4.669252999999999876e-01,1.727743999999999970e-04,7.563880999999999892e-05
4.673784000000000272e-01,1.990690999999999945e-04,7.782315000000000044e-05
4.678315000000000112e-01,1.547998999999999881e-04,7.823544000000000255e-05
4.682845999999999953e-01,4.131786999999999748e-05,7.964724999999999539e-05
4.687375999999999765e-01,8.466018000000000501e-05,8.174047000000000582e-05
4.691907000000000161e-01,2.407948999999999940e-04,8.030487000000000215e-05
4.696436999999999973e-01,-5.021890000000000127e-05,8.292945999999999662e-05
4.700967999999999813e-01,1.548855000000000132e-04,8.320927000000000098e-05
4.705498000000000181e-01,3.739044999999999706e-05,8.364809000000000231e-05
4.710029000000000021e-01,1.036588000000000044e-04,8.510927000000000650e-05
4.714558999999999833e-01,1.257584999999999920e-04,8.444771999999999587e-05
4.719089000000000200e-01,1.964567000000000125e-04,8.736090999999999974e-05
4.723619000000000012e-01,2.230103999999999951e-04,8.623119999999999527e-05
4.728148999999999824e-01,9.655757000000000326e-05,8.803792999999999482e-05
4.732679000000000191e-01,9.132911000000000013e-05,8.826696999999999831e-05
4.737209000000000003e-01,1.322810999999999963e-04,8.895931999999999516e-05
4.741738999999999815e-01,1.757445999999999911e-04,9.065068000000000127e-05
4.746269000000000182e-01,2.213169000000000019e-04,8.997829000000000482e-05
4.750798999999999994e-01,3.451391000000000241e-05,9.134168999999999925e-05
4.755328999999999806e-01,1.353717000000000104e-04,9.202009999999999671e-05
4.759858000000000144e-01,8.890792000000000443e-05,9.319650000000000124e-05
4.764387999999999956e-01,2.446711999999999759e-04,9.441520999999999757e-05
4.768916999999999740e-01,2.055426000000000063e-04,9.294304999999999776e-05
4.773447000000000107e-01,1.978860999999999890e-04,9.566289000000000118e-05
4.777975999999999890e-01,1.305607999999999986e-04,9.521387000000000459e-05
4.782506000000000257e-01,9.424577000000000280e-05,9.683540000000000463e-05
4.787035000000000040e-01,1.508974999999999965e-04,9.586663999999999733e-05
4.791563999999999823e-01,6.849294000000000562e-05,9.774784000000000229e-05
4.796094000000000190e-01,1.157829000000000058e-04,9.877567999999999548e-05
4.800622999999999974e-01,3.347164000000000129e-04,9.936804000000000415e-05
4.805151999999999757e-01,1.478936000000000031e-04,9.998032999999999758e-05
4.809681000000000095e-01,1.956349999999999929e-04,9.965067000000000250e-05
4.814209999999999878e-01,2.303979000000000053e-04,1.021833000000000013e-04
4.818739000000000217e-01,6.806795999999999669e-05,1.022759000000000011e-04
4.823266999999999971e-01,1.269599999999999906e-04,1.031384000000000017e-04
4.827795999999999754e-01,1.089387000000000011e-04,1.022118999999999963e-04
4.832325000000000093e-01,8.969554999999999878e-05,1.050188999999999984e-04
4.836853999999999876e-01,1.869661000000000055e-04,1.054372000000000008e-04
4.841382000000000185e-01,1.634511000000000113e-04,1.058700999999999945e-04
4.845910999999999969e-01,1.830900999999999904e-04,1.043351999999999968e-04
4.850438999999999723e-01,2.720994999999999924e-04,1.050157999999999983e-04
4.854968000000000061e-01,2.849355000000000030e-04,1.065589000000000006e-04
4.859495999999999816e-01,1.165142999999999968e-04,1.058158999999999977e-04
4.864024000000000125e-01,-1.297970000000000043e-05,1.065409999999999952e-04
4.868551999999999880e-01,9.091593000000000352e-05,1.063400000000000017e-04
4.873081000000000218e-01,2.102045000000000031e-04,1.058603999999999936e-04
4.877608999999999972e-01,3.771906000000000000e-04,1.074340000000000017e-04
4.882136999999999727e-01,8.904488000000000388e-05,1.063947999999999999e-04
4.886665000000000036e-01,1.497914000000000038e-04,1.066858000000000010e-04
4.891192999999999791e-01,1.328407000000000036e-04,1.079600999999999966e-04
4.895721000000000100e-01,1.784544000000000104e-04,1.083926000000000030e-04
4.900247999999999826e-01,1.348331000000000085e-04,1.070229000000000015e-04
4.904776000000000136e-01,2.162951000000000088e-04,1.081896000000000051e-04
4.909303999999999890e-01,1.519968000000000014e-04,1.075417000000000007e-04
4.913831000000000171e-01,2.921445999999999744e-04,1.104119999999999993e-04
4.918358999999999925e-01,1.171950999999999988e-04,1.100686000000000053e-04
4.922886000000000206e-01,3.104246999999999757e-04,1.093599999999999965e-04
4.927413999999999961e-01,2.714255000000000053e-04,1.103100999999999995e-04
4.931941000000000241e-01,1.798698999999999836e-05,1.101180000000000052e-04
4.936468999999999996e-01,1.806384000000000017e-04,1.112598999999999950e-04
4.940996000000000277e-01,5.409743999999999751e-05,1.113309999999999951e-04
4.945523000000000002e-01,-2.834689000000000059e-05,1.111601000000000066e-04
4.950049999999999728e-01,2.049572999999999968e-05,1.126551000000000050e-04
4.954577000000000009e-01,1.747740999999999976e-04,1.128302000000000027e-04
4.959103999999999735e-01,3.127191999999999993e-04,1.128874999999999996e-04
4.963631000000000015e-01,1.083337000000000026e-04,1.133023999999999945e-04
4.968157999999999741e-01,1.514385000000000037e-04,1.134130000000000066e-04
4.972685000000000022e-01,4.736488999999999706e-05,1.146550000000000059e-04
4.977211999999999748e-01,2.034879000000000071e-04,1.150019000000000009e-04
4.981738000000000000e-01,2.801433999999999782e-04,1.147259999999999990e-04
4.986264999999999725e-01,1.904812000000000085e-04,1.162976999999999962e-04
4.990792000000000006e-01,1.205711999999999951e-04,1.165045999999999958e-04
4.995318000000000258e-01,3.849896000000000112e-04,1.171562000000000016e-04
4.999843999999999955e-01,1.073796999999999978e-04,1.155791999999999996e-04
5.004370999999999681e-01,2.219090000000000060e-04,1.176080999999999963e-04
5.008896999999999933e-01,2.363613000000000031e-04,1.184781000000000067e-04
5.013423000000000185e-01,2.681965999999999929e-04,1.185794999999999986e-04
5.017949999999999910e-01,3.311409000000000130e-05,1.179792000000000037e-04
5.022476000000000163e-01,3.058558999999999866e-04,1.189172000000000005e-04
5.027002000000000415e-01,1.071787000000000043e-04,1.199694000000000037e-04
5.031527999999999556e-01,2.017587999999999969e-05,1.213476000000000035e-04
5.036053999999999808e-01,2.737651999999999924e-04,1.194149999999999942e-04
5.040580000000000060e-01,5.752033000000000092e-05,1.210258000000000026e-04
5.045104999999999729e-01,9.975655999999999684e-05,1.215946999999999964e-04
5.049630999999999981e-01,6.239944000000000035e-05,1.229903999999999871e-04
5.054157000000000233e-01,1.312196000000000065e-04,1.221616999999999929e-04
5.058683000000000485e-01,7.883113000000000023e-05,1.224451000000000044e-04
5.063208000000000153e-01,4.733949000000000235e-05,1.231872000000000121e-04
5.067734000000000405e-01,1.233324000000000052e-04,1.244860999999999939e-04
5.072259000000000073e-01,7.479438000000000200e-05,1.239403000000000032e-04
5.076783999999999741e-01,2.504030999999999878e-04,1.251520000000000106e-04
5.081309999999999993e-01,1.503075000000000038e-04,1.255197999999999904e-04
5.085834999999999662e-01,1.069609999999999946e-04,1.260905999999999952e-04
5.090360000000000440e-01,1.935463000000000005e-04,1.269444000000000106e-04
5.094885000000000108e-01,5.200317000000000172e-05,1.248296000000000084e-04
5.099409999999999776e-01,1.507905999999999992e-04,1.275848000000000054e-04
5.103935000000000555e-01,2.929801000000000107e-04,1.289794999999999939e-04
5.108460000000000223e-01,1.786048999999999948e-04,1.288432000000000000e-04
5.112984999999999891e-01,-2.021685000000000008e-04,1.285617999999999928e-04
5.117509999999999559e-01,3.458027000000000019e-04,1.281885000000000077e-04
5.122035000000000338e-01,2.885998000000000079e-04,1.308450000000000119e-04
5.126559000000000532e-01,1.488798999999999906e-04,1.312943000000000009e-04
5.131084000000000200e-01,1.361461000000000008e-04,1.301642999999999897e-04
5.135608000000000395e-01,3.646343000000000132e-04,1.323180000000000027e-04
5.140133000000000063e-01,7.847472000000000410e-05,1.319207999999999991e-04
5.144657000000000258e-01,3.092427999999999930e-04,1.334881000000000002e-04
5.149181999999999926e-01,6.735966999999999606e-05,1.328537999999999985e-04
5.153706000000000120e-01,1.101528000000000001e-04,1.324315000000000008e-04
5.158230000000000315e-01,2.625835999999999774e-04,1.351521999999999966e-04
5.162754000000000509e-01,3.125334999999999919e-04,1.368065000000000123e-04
5.167277999999999594e-01,3.402542000000000262e-04,1.369643999999999994e-04
5.171801999999999788e-01,1.978926999999999900e-04,1.331887999999999876e-04
5.176325999999999983e-01,1.472354000000000100e-04,1.372408000000000091e-04
5.180850000000000177e-01,-2.121405000000000063e-05,1.391371999999999932e-04
5.185374000000000372e-01,-1.900089999999999963e-05,1.379000999999999979e-04
5.189897999999999456e-01,4.075215000000000250e-05,1.378827000000000004e-04
5.194421999999999651e-01,2.825713000000000096e-04,1.388202999999999963e-04
5.198945000000000372e-01,1.101558000000000067e-04,1.398683999999999973e-04
5.203468999999999456e-01,2.215850999999999869e-05,1.417630999999999980e-04
5.207992000000000177e-01,2.474741000000000028e-04,1.398766000000000018e-04
5.212516000000000371e-01,1.968143000000000106e-04,1.417086999999999871e-04
5.217038999999999982e-01,3.790236000000000213e-05,1.420942000000000125e-04
5.221561999999999593e-01,7.102367999999999420e-05,1.425883999999999984e-04
5.226085999999999787e-01,2.347549000000000044e-04,1.447847999999999898e-04
5.230609000000000508e-01,6.917734000000000198e-05,1.432764999999999961e-04
5.235132000000000119e-01,-1.089605000000000048e-05,1.440970000000000131e-04
5.239654999999999729e-01,-1.736337999999999993e-06,1.457704999999999895e-04
5.244178000000000450e-01,4.065310000000000147e-04,1.469061999999999929e-04
5.248701000000000061e-01,9.033588000000000219e-05,1.496070000000000060e-04
5.253223999999999672e-01,-2.928208000000000069e-05,1.457193000000000128e-04
5.257747000000000392e-01,1.143971999999999963e-04,1.481622000000000093e-04
5.262269000000000529e-01,-2.124507999999999955e-05,1.494052999999999907e-04
5.266792000000000140e-01,1.310000999999999928e-04,1.502634000000000088e-04
5.271314999999999751e-01,1.020626999999999944e-04,1.525761000000000044e-04
5.275836999999999888e-01,2.230225000000000013e-04,1.503521999999999866e-04
5.280359999999999498e-01,2.628697999999999950e-04,1.526086000000000012e-04
5.284881999999999636e-01,3.445820999999999953e-04,1.533267999999999903e-04
5.289403999999999773e-01,2.802913999999999775e-04,1.525831000000000062e-04
5.293927000000000493e-01,6.905553000000000526e-05,1.568894000000000094e-04
5.298448999999999520e-01,2.237983000000000084e-04,1.545034000000000088e-04
5.302970999999999657e-01,4.420008000000000254e-05,1.559460999999999942e-04
5.307492999999999794e-01,-1.417749999999999902e-04,1.568975000000000068e-04
5.312014999999999931e-01,1.853476000000000006e-04,1.574419000000000079e-04
5.316537000000000068e-01,1.683038999999999998e-04,1.610008000000000120e-04
5.321059000000000205e-01,3.888159000000000190e-04,1.583618999999999923e-04
5.325581000000000342e-01,2.417123000000000134e-04,1.607970000000000124e-04
5.330101999999999896e-01,2.970603000000000262e-04,1.623521000000000003e-04
5.334624000000000033e-01,2.519445999999999730e-04,1.613669000000000084e-04
5.339146000000000170e-01,3.037615000000000020e-04,1.648320999999999901e-04
5.343666999999999723e-01,1.827072000000000114e-04,1.623268999999999992e-04
5.348188999999999860e-01,1.309089000000000097e-04,1.654322999999999916e-04
5.352710000000000523e-01,5.719469000000000245e-05,1.673543000000000047e-04
5.357231000000000076e-01,1.521758000000000008e-04,1.653024000000000117e-04
5.361753000000000213e-01,3.722409999999999890e-04,1.692976999999999969e-04
5.366273999999999766e-01,-1.716943999999999870e-04,1.668247999999999888e-04
5.370795000000000430e-01,9.548172999999999968e-05,1.699089999999999889e-04
5.375315999999999983e-01,4.327754000000000171e-04,1.723570999999999968e-04
5.379836999999999536e-01,2.614887000000000092e-04,1.703622000000000068e-04
5.384358000000000199e-01,9.986887999999999376e-05,1.739748000000000000e-04
5.388878999999999753e-01,-3.997022000000000031e-04,1.716266999999999945e-04
5.393400000000000416e-01,-4.390559000000000123e-05,1.757518999999999867e-04
5.397920000000000496e-01,3.717570999999999918e-04,1.777456000000000012e-04
5.402441000000000049e-01,3.199505999999999856e-04,1.752822000000000071e-04
5.406961999999999602e-01,3.585575000000000242e-04,1.817714000000000059e-04
5.411481999999999681e-01,8.404374000000000588e-05,1.786058000000000036e-04
5.416003000000000345e-01,-1.375318000000000102e-04,1.803279999999999987e-04
5.420523000000000424e-01,2.616973000000000194e-04,1.835081000000000125e-04
5.425043000000000504e-01,2.504022000000000062e-04,1.820844000000000011e-04
5.429562999999999473e-01,2.125073000000000109e-04,1.867329000000000092e-04
5.434084000000000136e-01,4.109151999999999922e-04,1.852388000000000060e-04
5.438604000000000216e-01,3.519681000000000090e-04,1.878630000000000003e-04
5.443124000000000295e-01,1.672970999999999877e-04,1.890530000000000075e-04
5.447644000000000375e-01,-8.887107000000000155e-05,1.878739000000000038e-04
5.452164000000000454e-01,3.604192000000000203e-04,1.918420999999999907e-04
5.456684000000000534e-01,1.159784999999999942e-05,1.930372000000000023e-04
5.461203000000000030e-01,1.831660999999999953e-06,1.933507000000000053e-04
5.465723000000000109e-01,-1.391583999999999923e-05,1.978291000000000131e-04
5.470243000000000189e-01,1.612192000000000030e-04,1.950874000000000119e-04
5.474761999999999684e-01,1.316773999999999939e-04,1.979442999999999947e-04
5.479281999999999764e-01,2.273001000000000025e-04,2.015381000000000008e-04
5.483801000000000370e-01,5.205293000000000376e-04,2.018288000000000081e-04
5.488321000000000449e-01,-7.672363999999999443e-05,2.066237999999999918e-04
5.492839999999999945e-01,1.545626999999999974e-06,2.013332000000000056e-04
5.497359000000000551e-01,-7.863084000000000219e-05,2.070483999999999877e-04
5.501878000000000046e-01,3.287650000000000143e-04,2.099362999999999978e-04
5.506396999999999542e-01,-3.190600000000000250e-04,2.079688000000000001e-04
5.510916000000000148e-01,2.037467000000000054e-04,2.162541999999999937e-04
5.515434999999999643e-01,2.643572999999999973e-04,2.112271000000000092e-04
5.519954000000000249e-01,6.185139000000000142e-05,2.167388999999999926e-04
5.524472999999999745e-01,2.976290999999999995e-05,2.185536000000000076e-04
5.528992000000000351e-01,2.602459000000000217e-04,2.187326999999999869e-04
5.533510999999999846e-01,2.113031999999999931e-04,2.252029999999999917e-04
5.538028999999999868e-01,5.133781000000000238e-04,2.226523999999999962e-04
5.542548000000000474e-01,2.396352999999999992e-04,2.266606999999999964e-04
5.547066000000000496e-01,1.543452000000000075e-05,2.307897000000000106e-04
5.551584999999999992e-01,6.255635999999999749e-04,2.287668000000000134e-04
5.556103000000000014e-01,5.105856000000000196e-04,2.372377000000000004e-04
5.560621000000000036e-01,2.010486999999999984e-04,2.338184000000000041e-04
5.565139000000000058e-01,-7.454143999999999354e-05,2.362313999999999961e-04
5.569657999999999554e-01,4.164217000000000114e-04,2.457358000000000198e-04
5.574175999999999576e-01,-2.767680999999999971e-05,2.405926999999999979e-04
5.578693999999999598e-01,-3.921864999999999965e-04,2.450611000000000109e-04
5.583211999999999620e-01,3.044191000000000141e-05,2.475123000000000188e-04
5.587729000000000168e-01,2.919695999999999837e-04,2.543887999999999792e-04
5.592247000000000190e-01,3.472290000000000055e-04,2.567401000000000188e-04
5.596765000000000212e-01,3.490866999999999928e-04,2.564194000000000000e-04
5.601283000000000234e-01,2.122703999999999997e-04,2.626002999999999801e-04
5.605799999999999672e-01,2.548982999999999783e-04,2.631323999999999881e-04
5.610317999999999694e-01,2.178918000000000066e-04,2.716048999999999785e-04
5.614835000000000242e-01,1.961463000000000095e-04,2.735454000000000119e-04
5.619351999999999681e-01,4.414508000000000256e-04,2.753887000000000218e-04
5.623869999999999703e-01,1.970072999999999866e-04,2.824553000000000263e-04
5.628387000000000251e-01,2.705545000000000064e-04,2.782101000000000149e-04
5.632903999999999689e-01,2.106901000000000108e-04,2.930712000000000139e-04
5.637421000000000237e-01,-3.960484000000000010e-04,2.904250000000000256e-04
5.641937999999999676e-01,-1.846333999999999931e-04,2.972208999999999854e-04
5.646455000000000224e-01,-2.979271999999999823e-04,3.001807999999999907e-04
5.650971999999999662e-01,-8.759777999999999532e-05,3.050837000000000145e-04
5.655489000000000210e-01,8.055911999999999383e-05,3.197968000000000143e-04
5.660005999999999649e-01,-1.259165000000000132e-04,3.174332000000000087e-04
5.664521999999999613e-01,1.943003000000000004e-04,3.280132000000000056e-04
5.669039000000000161e-01,1.062681999999999933e-04,3.300183999999999843e-04
5.673555000000000126e-01,-2.960985999999999978e-04,3.398602000000000025e-04
5.678071999999999564e-01,3.765465999999999974e-04,3.484788999999999747e-04
5.682587999999999528e-01,-1.489201999999999909e-04,3.486555000000000231e-04
5.687103999999999493e-01,-2.013270000000000055e-04,3.645559999999999838e-04
5.691621000000000041e-01,2.018080999999999966e-04,3.747892000000000064e-04
5.696137000000000006e-01,5.165499999999999519e-04,3.754591000000000048e-04
5.700652999999999970e-01,-2.355473999999999871e-04,3.966875999999999931e-04
5.705168999999999935e-01,3.834458999999999806e-04,3.996717999999999907e-04
5.709684999999999899e-01,-4.002241000000000023e-04,4.191083999999999869e-04
5.714200999999999864e-01,2.607892999999999800e-04,4.295122000000000176e-04
5.718716999999999828e-01,1.574294000000000008e-04,4.330765000000000200e-04
5.723232000000000319e-01,4.767705000000000120e-04,4.709755000000000040e-04
5.727748000000000284e-01,3.355778999999999842e-05,4.698953999999999870e-04
5.732264000000000248e-01,2.185176999999999899e-04,4.900666000000000353e-04
5.736778999999999629e-01,-6.906316999999999762e-05,5.169263000000000113e-04
5.741294999999999593e-01,3.171957000000000097e-04,5.519642000000000168e-04
5.745810000000000084e-01,4.727984999999999762e-04,6.002072999999999480e-04
5.750324999999999465e-01,7.493620000000000532e-04,5.989470999999999901e-04
5.754841000000000539e-01,-4.603410000000000027e-05,6.574235999999999578e-04
5.759355999999999920e-01,2.963918999999999836e-05,7.386884999999999936e-04
5.763871000000000411e-01,-1.996606999999999907e-04,7.802125000000000249e-04
5.768385999999999791e-01,-5.290496999999999908e-04,9.146955999999999707e-04
5.772901000000000282e-01,5.864468999999999975e-04,9.911419999999999779e-04
5.777415999999999663e-01,6.854209999999999687e-04,1.386185999999999972e-03
5.781929999999999570e-01,1.900638999999999974e-03,2.433359999999999863e-03
