1.000000000000000000e+00,4.953566713170333147e-01,-6.071385428467153574e-03,6.062865440579627840e-01,4.034552441459294814e-01,4.573864825660158839e-01,3.857889534895267425e-01,3.432712402073688218e-01,3.256728445194126409e-01,2.502756565709284287e-01,2.125159516559939066e-01
4.953566713170333147e-01,1.000000000000000000e+00,-8.758943489140639388e-03,5.788658928737063780e-01,5.561654594511914462e-01,2.660437861449876373e-01,4.643214937618703186e-01,3.304796268869317766e-01,2.719002145388210168e-01,3.003489833561121536e-01,1.852595796265043282e-01
-6.071385428467153574e-03,-8.758943489140639388e-03,1.000000000000000000e+00,-4.797850218953888385e-02,8.047997520752032952e-02,-1.633880903620011510e-02,-2.291162854767225115e-02,4.333922132630581986e-02,-3.961026631097645107e-02,-1.094345555108266511e-02,3.461981097153690040e-02
6.062865440579627840e-01,5.788658928737063780e-01,-4.797850218953888385e-02,1.000000000000000000e+00,4.774881070274467620e-01,4.598978934012848407e-01,5.912716239869669765e-01,3.365703399723251610e-01,4.424327745981432858e-01,3.291413926671690748e-01,2.236342246042714865e-01
4.034552441459294814e-01,5.561654594511914462e-01,8.047997520752032952e-02,4.774881070274467620e-01,1.000000000000000000e+00,4.521113559416339300e-01,5.912505105174297171e-01,5.985401665419020079e-01,3.052983560049261635e-01,4.410413016066694891e-01,2.616377966139195044e-01
4.573864825660158839e-01,2.660437861449876373e-01,-1.633880903620011510e-02,4.598978934012848407e-01,4.521113559416339300e-01,1.000000000000000000e+00,4.688104123992722916e-01,5.884326491436101536e-01,5.691998083857779944e-01,3.185730914052785634e-01,3.035749003709566352e-01
3.857889534895267425e-01,4.643214937618703186e-01,-2.291162854767225115e-02,5.912716239869669765e-01,5.912505105174297171e-01,4.688104123992722916e-01,1.000000000000000000e+00,4.948711558276593370e-01,6.397360219706531570e-01,5.090763455040391294e-01,2.964121191569850100e-01
3.432712402073688218e-01,3.304796268869317766e-01,4.333922132630581986e-02,3.365703399723251610e-01,5.985401665419020079e-01,5.884326491436101536e-01,4.948711558276593370e-01,1.000000000000000000e+00,4.308132702014591531e-01,5.416199605545446438e-01,4.263244729484763074e-01
3.256728445194126409e-01,2.719002145388210168e-01,-3.961026631097645107e-02,4.424327745981432858e-01,3.052983560049261635e-01,5.691998083857779944e-01,6.397360219706531570e-01,4.308132702014591531e-01,1.000000000000000000e+00,4.442951464313057430e-01,4.369489043671228590e-01
2.502756565709284287e-01,3.003489833561121536e-01,-1.094345555108266511e-02,3.291413926671690748e-01,4.410413016066694891e-01,3.185730914052785634e-01,5.090763455040391294e-01,5.416199605545446438e-01,4.442951464313057430e-01,1.000000000000000000e+00,4.533710515715169698e-01
2.125159516559939066e-01,1.852595796265043282e-01,3.461981097153690040e-02,2.236342246042714865e-01,2.616377966139195044e-01,3.035749003709566352e-01,2.964121191569850100e-01,4.263244729484763074e-01,4.369489043671228590e-01,4.533710515715169698e-01,1.000000000000000000e+00
