1.000000000000000000e+00,4.839159500015850490e-01,6.237199015972559879e-01,4.597779005039999145e-01,3.343052256580382742e-01,4.282009925016032059e-01,2.041270498912898523e-01,1.984884144658337624e-01,2.345944468236206004e-01,5.804807193526152070e-02,1.130950402638515456e-01,-6.662952591472173954e-03,-1.650317454465743267e-02,-5.417452064432855437e-03,-2.097802460043079326e-02,-3.763519223828559052e-02
4.839159500015850490e-01,1.000000000000000000e+00,4.102301007085427109e-01,4.335421806331002381e-01,4.009055234625096831e-01,3.455786924206342703e-01,1.594260823090459245e-01,1.563632505174401832e-01,2.088194376267304975e-01,6.392812396632296945e-02,4.469364936443181308e-02,2.651995655751773285e-04,-4.928045099647134636e-02,-3.117894995652764623e-02,-3.737222909320698366e-02,-7.035889054546799748e-02
6.237199015972559879e-01,4.102301007085427109e-01,1.000000000000000000e+00,4.405954173578502941e-01,5.421662851393199700e-01,4.526898908934998134e-01,2.066322573257180217e-01,2.452215701484421195e-01,2.326610986569135620e-01,1.157208657132898222e-01,1.529854243029944161e-01,3.385025969718223528e-03,-1.317199190907523314e-03,-1.453245437714943342e-02,-7.765324435501667379e-03,-2.885536906784026343e-02
4.597779005039999145e-01,4.335421806331002381e-01,4.405954173578502941e-01,1.000000000000000000e+00,4.725765188763340063e-01,6.796028776663490811e-01,3.597867725340300749e-01,3.188673645220250763e-01,4.352537512163617839e-01,1.871171676502964010e-01,1.351047974697539289e-01,1.130665364988366617e-01,-4.520944067127583010e-02,-1.425318738821812611e-03,3.059925179418863678e-03,-5.133190622136329234e-02
3.343052256580382742e-01,4.009055234625096831e-01,5.421662851393199700e-01,4.725765188763340063e-01,1.000000000000000000e+00,3.462707310474837930e-01,1.960661784944662533e-01,2.673829093426975390e-01,2.123806812752793427e-01,1.814629022752468901e-01,1.450448717922971087e-01,5.286719262090869287e-02,2.657882211290607186e-02,-2.324060273986394004e-02,5.913844323266789771e-03,-3.821737031041765736e-02
4.282009925016032059e-01,3.455786924206342703e-01,4.526898908934998134e-01,6.796028776663490811e-01,3.462707310474837930e-01,1.000000000000000000e+00,4.504124749597165356e-01,5.420100194669876803e-01,5.823439646568367989e-01,2.806741360071961511e-01,2.293003121254145460e-01,1.579457009774488940e-01,-8.023782720730035511e-02,2.105394152042007125e-02,2.930624475497001571e-02,-5.271026178351447683e-02
2.041270498912898523e-01,1.594260823090459245e-01,2.066322573257180217e-01,3.597867725340300749e-01,1.960661784944662533e-01,4.504124749597165356e-01,1.000000000000000000e+00,4.534210419335784059e-01,6.050417985444588309e-01,5.518947780975824724e-01,2.254300533451245037e-01,3.366200614711621908e-01,1.495658669424006493e-01,1.061497429438142265e-01,1.621638906595921359e-01,-2.947032016140339102e-03
1.984884144658337624e-01,1.563632505174401832e-01,2.452215701484421195e-01,3.188673645220250763e-01,2.673829093426975390e-01,5.420100194669876803e-01,4.534210419335784059e-01,1.000000000000000000e+00,5.166175697925829979e-01,6.023291834633912600e-01,4.391829170087168110e-01,3.104446512016921234e-01,7.028317715550815026e-02,1.111526896958575511e-01,4.951879568920238700e-02,-1.753131827259889544e-02
2.345944468236206004e-01,2.088194376267304975e-01,2.326610986569135620e-01,4.352537512163617839e-01,2.123806812752793427e-01,5.823439646568367989e-01,6.050417985444588309e-01,5.166175697925829979e-01,1.000000000000000000e+00,4.871362796656114047e-01,2.594879169163610277e-01,3.118600800033911602e-01,1.471224516273869284e-02,5.706620302133810774e-02,1.605042298902928377e-01,5.290514583818662318e-03
5.804807193526152070e-02,6.392812396632296945e-02,1.157208657132898222e-01,1.871171676502964010e-01,1.814629022752468901e-01,2.806741360071961511e-01,5.518947780975824724e-01,6.023291834633912600e-01,4.871362796656114047e-01,1.000000000000000000e+00,3.456560755180009270e-01,5.520741395665470508e-01,3.229056857483660337e-01,1.989119977441867748e-01,2.270715791125620941e-01,6.413018904892101024e-02
1.130950402638515456e-01,4.469364936443181308e-02,1.529854243029944161e-01,1.351047974697539289e-01,1.450448717922971087e-01,2.293003121254145460e-01,2.254300533451245037e-01,4.391829170087168110e-01,2.594879169163610277e-01,3.456560755180009270e-01,1.000000000000000000e+00,3.974982957407443562e-01,3.296290428528055316e-01,3.811728481550021863e-01,1.617113149365821678e-01,1.584466113978960922e-01
-6.662952591472173954e-03,2.651995655751773285e-04,3.385025969718223528e-03,1.130665364988366617e-01,5.286719262090869287e-02,1.579457009774488940e-01,3.366200614711621908e-01,3.104446512016921234e-01,3.118600800033911602e-01,5.520741395665470508e-01,3.974982957407443562e-01,1.000000000000000000e+00,4.091774165627147797e-01,4.199562398660471318e-01,4.330489657004242821e-01,2.673885470173864576e-01
-1.650317454465743267e-02,-4.928045099647134636e-02,-1.317199190907523314e-03,-4.520944067127583010e-02,2.657882211290607186e-02,-8.023782720730035511e-02,1.495658669424006493e-01,7.028317715550815026e-02,1.471224516273869284e-02,3.229056857483660337e-01,3.296290428528055316e-01,4.091774165627147797e-01,1.000000000000000000e+00,3.551500904188886754e-01,3.160635846588206177e-01,3.971687177878732711e-01
-5.417452064432855437e-03,-3.117894995652764623e-02,-1.453245437714943342e-02,-1.425318738821812611e-03,-2.324060273986394004e-02,2.105394152042007125e-02,1.061497429438142265e-01,1.111526896958575511e-01,5.706620302133810774e-02,1.989119977441867748e-01,3.811728481550021863e-01,4.199562398660471318e-01,3.551500904188886754e-01,1.000000000000000000e+00,4.188453438029670073e-01,4.269908801979691582e-01
-2.097802460043079326e-02,-3.737222909320698366e-02,-7.765324435501667379e-03,3.059925179418863678e-03,5.913844323266789771e-03,2.930624475497001571e-02,1.621638906595921359e-01,4.951879568920238700e-02,1.605042298902928377e-01,2.270715791125620941e-01,1.617113149365821678e-01,4.330489657004242821e-01,3.160635846588206177e-01,4.188453438029670073e-01,1.000000000000000000e+00,4.317406703999451256e-01
-3.763519223828559052e-02,-7.035889054546799748e-02,-2.885536906784026343e-02,-5.133190622136329234e-02,-3.821737031041765736e-02,-5.271026178351447683e-02,-2.947032016140339102e-03,-1.753131827259889544e-02,5.290514583818662318e-03,6.413018904892101024e-02,1.584466113978960922e-01,2.673885470173864576e-01,3.971687177878732711e-01,4.269908801979691582e-01,4.317406703999451256e-01,1.000000000000000000e+00
