BMRBid or DOI,Title,Simulation available,Sequence length
BMRBid50115,"Backbone 13C, and 15N Chemical Shift Assignments for ChiZ N-terminal Domain",Yes,67
BMRBid19993,Lysyl t-RNA synthetase 1-72,Yes,72
10.1021/acs.jpcb.8b02250,Rotational Dynamics of Proteins from Spin Relaxation Times and Molecular Dynamics Simulations,Yes,92
10.7717/peerj.5412,NMR structure of the C-terminal domain of TonB protein from <i>Pseudomonas aeruginosa</i>,Yes,99
BMRBid27321,"1H, 13C and 15N Chemical Shift Assignments and 15N backbone relaxation data for intracellular loop 2 of the human ZIP4 protein",Yes,100
10.1016/j.bpj.2015.06.069,Distribution of Pico- and Nanosecond Motions in Disordered Proteins from Nuclear Spin Relaxation,Yes,117
10.1074/jbc.m106777200,Residual Structure and Dynamics in Parkinson's Disease-associated Mutants of α-Synuclein,Yes,140
BMRBid51529,Relaxation parameters of calcium loaded human calmodulin at pH 7.0 and 37degC (600 MHz),Yes,148
BMRBid19164,solution structure of cerebral dopamine neurotrophic factor (CDNF),Yes,161
10.1016/j.febslet.2010.03.008,Solution structure and dynamics of mouse ARMET,Yes,171
10.3390/ijms17081305,Characterizing Aciniform Silk Repetitive Domain Backbone Dynamics and Hydrodynamic Modularity,Yes,199
BMRBid25519,NMR structure of Neuromedin C in aqueous solution.,No,11
BMRBid25523,NMR structure of Neuromedin C in 60% TFE,No,11
BMRBid25525,NMR structure of Neuromedin C in presence of SDS micelles,No,11
BMRBid16907,The hemagglutinin fusion peptide (H1 subtype) at pH 7.4,No,30
BMRBid18617,Conformational ensemble for the G8A mutant of the influenza hemagglutinin fusion peptide,No,30
BMRBid25121,The influenza hemagglutinin fusion domain is an amphipathic helical-hairpin that functions by inducing negative membrane curvature,No,30
BMRBid26507,Whole-Body Rocking Motion of a Fusion Peptide in Lipid Bilayers from Size-Dispersed 15N NMR Relaxation,No,30
BMRBid5272,"1H, 13C and 15N chemical shift assignments of Schistocerca gregaria chymotrypsin inhibitor",No,35
BMRBid6880,"1H, 13C and 15N chemical shift assignments of Schistocerca gregaria chymotrypsin inhibitor at pH=6.0",No,35
BMRBid50001,Solution structure of protein ARR_CleD in complex with c-di-GMP,No,36
BMRBid5548,Bovine Pancreatic Polypeptide (bPP) undergoes significant changes in conformation and dynamics upon binding to DPC micelles,No,37
BMRBid5549,"Neuropeptide Y5-Receptor II: Solution Structure and Dynamics of [31Ala,32Pro]-NPY",No,37
BMRBid16845,Cementoin backbone chemical assignment and spin relaxation,No,38
BMRBid18191,Solution structure of Sgf11(63-99) zinc finger domain,No,38
BMRBid51055,Chemical shifts and relaxation data from DREB2A 243-276,No,44
BMRBid18192,Solution structure of Sgf73(59-102) zinc finger domain,No,45
BMRBid15364,Solution Structure of Human Immunodificiency Virus Type-2 Nucleocapsid Protein,No,49
BMRBid16482,Solution Structure of complement repeat CR17 from LRP-1,No,50
BMRBid36171,NMR structure of IRD12 from Capsicum annum.,No,50
BMRBid18971,Structure and dynamics of a human Nedd4 WW domain-ENaC complex,No,54
BMRBid5518,Role of backbone dynamics and structure in controlling the hydrolysis constants of serine proteinase inhibitors,No,56
BMRBid5519,Role of backbone dynamics and structure in controlling the hydrolysis constants of serine proteinase inhibitors,No,56
BMRBid5521,Role of backbone dynamics and structure in controlling the hydrolysis constants of serine proteinase inhibitors,No,56
BMRBid27359,"Backbone (HN, N, HA) Resonance Assignment and 15N T1, T2 Relaxation Parameters for Abl1 SH3",No,58
BMRBid25312,SOLUTION STRUCTURE OF HUMAN MBD1 CXXC1 DOMAIN,No,61
BMRBid50119,Intramolecular synergy enhances the microtubule end-binding affinity of EB1,No,61
BMRBid50120,Intramolecular synergy enhances the microtubule end-binding affinity of EB1,No,61
BMRBid7036,"Backbone 1H, 13C, and 15N Chemical Shift Assignments for 3rd SH3 domain of human NCK2 adaptor protein",No,61
BMRBid15144,Side-chain relaxation in SH3 domain from alpha-spectrin measured at multiple temperatures,No,62
BMRBid15014,Solution structure of the RING domain from human TRAF6.,No,63
BMRBid51230,CI2 backbone and methyl assignment,No,64
BMRBid51234,CI2 I57V backbone and methyl assignment,No,64
BMRBid51235,CI2 L49I backbone and methyl assignment,No,64
BMRBid51236,CI2 L49I/I57V backbone and methyl assignment,No,64
BMRBid19948,The proline-rich region of 18.5-kDa myelin basic protein requires long-range interactions with residues upstream to interact with the SH3-domain of Fyn,No,70
BMRBid15655,"Solution structure of CopK, a periplasmic protein involved in copper resistance in Cupriavidus metallidurans CH34",No,74
BMRBid4390,Backbone dynamics of the human CC-chemokine eotaxin,No,74
BMRBid50238,"Backbone (1H, 13C and 15N) Chemical Shift Assignments and 15N Relaxation Parameters for protein kinase Inhibitor alpha (PKIa) free state",No,75
BMRBid26519,Studying Invisible Excited Protein States in Slow Exchange with a Major State Conformation,No,76
BMRBid18351,Solution structure of the Class II hydrophobin NC2,No,80
BMRBid25389,"Backbone 1HN,15N assignments, 15N relaxation data and 3JHNHA coupling constants for wild-type Hydrogenobacter thermophilus cytochrome c552",No,80
BMRBid25390,"Backbone 1HN,15N assignments, 15N relaxation data and 3JHNHA coupling constants for the C10A/C13A variant of Hydrogenobacter thermophilus cytochrome c552",No,80
BMRBid17266,Solution structure of the C-terminal domain of SilB from Cupriavidus metallidurans,No,82
BMRBid19356,Solution structure of the chimeric hydrophobin NChi2,No,88
BMRBid51103,"TIA-1 prion-like domain, relaxation data",No,91
BMRBid16480,NMR solution structure of double module LA45 of LDLR,No,94
BMRBid18380,"Backbone 1H, 13C, and 15N Chemical Shift Assignments and Complete 15N Relaxation Analysis of the Soluble C-terminal Domain of CcmE Heme Chaperone from Desulfovibrio vulgaris, dvCcmE(44-137). Northeast Structural Genomics Target DvR115.",No,97
BMRBid5079,Backbone dynamics of the functional domain of Paracoccus denitrificans Cytochrome c552 in the Reduced state,No,100
BMRBid5080,Backbone dynamics of the functional domain of Paracoccus denitrificans Cytochrome c552 in the Oxidized state,No,100
BMRBid16483,Fusion construct of CR17 from LRP-1 and ApoE residues 130-149,No,103
BMRBid5505,Backbone Dynamics of Reduced Plastocyanin from the Cyanobacterium Anabaena variabilis: Regions Involved in Electron Transfer have Enhanched Mobility,No,105
BMRBid5858,Characterization of us-ms Dynamics of Proteins Using a Combined Analysis of 15N NMR Relaxation and Chemical Shift: Conformational Exchange in Plastocyanin Induced by Histidine Protonations,No,106
BMRBid15795,NMR structure of the c-terminal domain of a multiprotein bridging factor 1 (MBF1) of Trichoderma reesei,No,107
BMRBid16426,"NMR-derived structure of residues 29-138 of murine Ets-1, containing the PNT domain, along with phosphorylated Thr38 and Ser41",No,113
BMRBid6060,"1H, 13C, and 15N Chemical Shift Assignments for a complex of PDZ2 from PTP-BL with the C-terminus of APC (adenomatous polyposis coli)",No,114
BMRBid6092,"1H, 13C, and 15N Chemical Shift Assignments for a complex of PDZ2 from PTP-BL with the C-terminus of RIL (reversion induced LIM)",No,114
BMRBid17306,NRC consensus ankyrin repeat protein backbone and sidechain assignments,No,115
BMRBid16485,Solution structure of the THAP zinc finger of THAP1 in complex with its DNA target,No,119
BMRBid51126,Resonance assignment of the Shank1 PDZ domain,No,119
BMRBid15254,Backbone Dynamics of Intramolecular Complex,No,121
BMRBid27915,NFkappaB p50DD homodimer,No,121
BMRBid27916,p50 heterodimer,No,121
BMRBid16639,Structure of a complex between domain V of beta2-glycoprotein I and the fourth ligand-binding module from LDLR determined with Haddock.,No,125
BMRBid15703,Soluble form of human earliest activation antigen of leukocytes CD69,No,130
BMRBid50553,15N relaxation measurements of an FG Nucleoporin in crowded conditions,No,133
BMRBid5841,"15N T1 and T2 relaxation rates, 1H{15N} NOE, and Hydrogen/Deuterium exchange data of kinase-interacting FHA domain of Arabidopsis kinase associasted protein phosphatase",No,139
BMRBid25077,"Backbone 1H, 13C, and 15N Chemical Shift Assignments for the PDZ domain and the linker of the Protein Tyrosine phosphatase non-receptor type 4",No,140
BMRBid52093,1H-15N-BEST-TROSY spectra for alpha-synuclein,No,140
BMRBid5991,"Backbone and Sidechain 1H, 13C, and 15N Chemical Shift Assignments and Backbone 15N Relaxation Parameters for Murine Ets-1 deltaN301",No,140
BMRBid15766,human calpastatin Domain 1,No,141
BMRBid51415,Bromodomain Interactions with Acetylated Histone 4 Peptides in the Tandem Domain BRD4 -- Effects on Domain Dynamics and Internal Flexibility,No,141
BMRBid19117,NMR solution structure ensemble of 3-4D mutant domain 11 IGF2R in complex with IGF2 (domain 11 structure only),No,142
BMRBid19153,NMR solution structure ensemble of 3-4D mutant domain 11 IGF2R,No,142
BMRBid26525,"Structure, Dynamics, and Kinetics of Weak Protein Protein Complexes from NMR Spin Relaxation Measurements of Titrated Solutions",No,147
BMRBid19949,The proline-rich region of 18.5-kDa myelin basic protein requires long-range interactions with residues upstream to interact with the SH3-domain of Fyn,No,150
BMRBid26823,"Backbone 1H, 13C, and 15N Chemical Shift Assignments, HNHA scalar coupling, and 15N backbone relaxation data for TDP-43 C-terminal domain wild type",No,151
BMRBid6474,The 15N relaxation data and backbone dynamics results of CLV1 pT868 bound KI-FHA from KAPP,No,152
BMRBid16737,"1H,13C and 15N chemical shift assignment for NMB1343 apoprotein",No,153
BMRBid26791,"Backbone 1H, 13C, and 15 N Chemical Shift Assignment for human Langerin CRD",No,157
BMRBid7415,Evidence of reciprocical reorientation of the catalytic and hemopexin-like domains of full-length MMP-12,No,160
BMRBid27887,Backbone (1H and 15N) Chemical Shift Assignments and Relaxation Parameters for the low complexity domain of FUS in the condensed phase,No,163
BMRBid4364,Dynamics of Stromelysin/Inhibitor Interactions Studied by 15N NMR Relaxation Measurements: Comparison of Ligand Binding to the S1-S3 and S1-S3PSubsites,No,166
BMRBid4365,Dynamics of Stromelysin/Inhibitor Interactions Studied by 15N NMR Relaxation Measurements: Comparison of Ligand Binding to the S1-S3 and S1-S3 Subsites,No,166
BMRBid4366,Dynamics of Stromelysin/Inhibitor Interactions Studied by 15N NMR Relaxation Measurements: Comparison of Ligand Binding to the S1-S3 and S1-S3 Subsites,No,166
BMRBid7219,NMR Data for the Human Ubiquitin-Conjugating Enzyme Variant hUev1a,No,170
BMRBid18388,"Solution structure, dynamics and binding studies of CtCBM11",No,172
BMRBid18389,"Solution structure, dynamics and binding studies of CtCBM11",No,172
BMRBid18903,Relaxation study of Delta subunit of RNA polymerase from Bacillus subtilis,No,172
BMRBid19284,Relaxation data of the delta subunit of RNA polymerase from Bacillus subtilis,No,172
BMRBid27245,Backbone 15N relaxation data for c-teminal domain of delta subunit of RNA polymerase from bacillus subtilis,No,173
BMRBid17701,"20 NMR solution structures of Bacillus subtilis L,D-transpeptidase refined in water",No,175
BMRBid18037,"NMR STRUCTURE OF THE IMIPENEM-ACYLATED L,D-TRANSPEPTIDASE FROM BACILLUS SUBTILIS",No,175
BMRBid27179,"Backbone 1H, 13C, and 15N Chemical Shift Assignments for the Hepatitis B Virus X protein (HBx)",No,177
BMRBid28058,NMR assignment of self-processing module of FrpC protein of Neisseria meningitidis loaded with calcium ions,No,179
BMRBid18477,NMR dynamics in the C-terminal globular domain of oligosaccharyltransferase,No,180
BMRBid17246,Solution structure of the Streptococcus pneumoniae RrgB pilus backbone D1 domain,No,181
BMRBid6182,Backbone assignments and 15N spin-relaxation rates of Holo-FluA(R95K),No,184
BMRBid16876,"1HN, 1HA, 13CA, 13CB, 13CO and 15N Chemical Shift Assignments for Intrinsically Disordered Dehydrin ERD14",No,185
BMRBid51478,Relaxation peaklist data of TcART,No,194
BMRBid7414,Evidence of reciprocical reorientation of the catalytic and hemopexin-like domains of full-length MMP-12,No,194
BMRBid27063,Degenerate heptads 27-52 of human RNA polymerase II C-terminal domain (DNA-directed RNA polymerase II subunit RPB1): assignments and backbone relaxation,No,201
BMRBid50819,N-terminal domain of p50 subunit of NF-kappaB,No,207
BMRBid50494,RelA-p50 heterodimer,No,208
BMRBid17080,Shc-PTB:biphosphorylated integrin beta3 cytoplasmic tail complex (1:1),No,238
BMRBid26742,"Backbone and Partial Side-Chain Chemical Shift Assignments and Dynamics Measurements for The Catalytic Domain of Human Prolyl Hydroxylase Domain 2 (PHD2) With Zn(II), 2-Oxoglutarate (2OG) and Hypoxia Inducible Factor-alpha (HIF-alpha) Peptide",No,247
BMRBid18461,Chemical shift assignments and backbone dynamics of H-Ras-GppNHp bound to Ras-binding domain of cRaf1.,No,251
BMRBid26788,"1H, 13C and 15N backbone resonance assignments and 15N relaxation data of the PDZ tandem of Whirlin",No,253
BMRBid50438,H2A and H2B tails in nucleosome,No,262
BMRBid6758,NMR assignment of the E.coli cytolethal distending toxin CdtB-II subunit,No,262
BMRBid6881,"1H, 13C and 15N chemical shift assignments of Schistocerca gregaria chymotrypsin inhibitor complexed with bovine chymotrypsin",No,276
BMRBid5153,Backbone dynamics of the N-TIMP-1 bound to MMP-3 catalytic domain,No,299
BMRBid25113,"Domain Orientation and Dynamics of the 38.8 kDa Staphylococcus aureus Hemoglobin Receptor, IsdH",No,336
BMRBid15578,Evidence of reciprocical reorientation of the catalytic and hemopexin-like domains of full-length MMP-12,No,366
BMRBid27594,Backbone resonance assignments for the CsuC-CsuA/B complex.,No,395
BMRBid51418,Bromodomain Interactions with Acetylated Histone 4 Peptides in the Tandem Domain BRD4 -- Effects on Domain Dynamics and Internal Flexibility,No,417
BMRBid50243,"Backbone (1H, 13C and 15N) Chemical Shift Assignments and 15N Relaxation Parameters for protein kinase Inhibitor alpha (PKIa) bound to cAMP-dependent protein kinase A",No,425
BMRBid51413,Bromodomain Interactions with Acetylated Histone 4 Peptides in the Tandem Domain BRD4 -- Effects on Domain Dynamics and Internal Flexibility,No,433
