1.000000000000000000e+00,5.000822560796162053e-01,5.082885719168207528e-01,5.074685298392614952e-01,3.203424759997617888e-01,2.895178792390738498e-01,2.678633115860273167e-02,1.555130612362200238e-01,1.972041482422306757e-01,1.781125547214504612e-01,1.097516881215844509e-01,1.890074062928032428e-01,1.746335178948890399e-01,1.194954550626109724e-01,1.425775778912287128e-01,1.298972542979748290e-01,9.586751154154259102e-02,1.201250639170607648e-01,1.325095581929325306e-01,7.564883032183050693e-02,1.081339088104801560e-01,1.224061007573289256e-01,8.173119271947053288e-02,9.733874866565446482e-02,5.173757634566887587e-02,3.034402301477709049e-02,8.220451203061726608e-02,3.775835112733995358e-02,6.576850828193739340e-02,2.084585033536527632e-02,2.083363842793089366e-02,3.216097476319056125e-02
5.000822560796162053e-01,1.000000000000000000e+00,5.581594492279540187e-01,6.110946915095332166e-01,4.400089780894704816e-01,3.731332683583813981e-01,4.243610659003570207e-02,1.273897407837823736e-01,2.588799827837368617e-01,2.016528104211307848e-01,1.529512950591988274e-01,2.374913984218406937e-01,1.895008508109978229e-01,1.400020115100413243e-01,1.554529974553671701e-01,1.469327718159154084e-01,1.113735982956750303e-01,1.220109205893498278e-01,1.249800765725967017e-01,4.030164905043205625e-02,9.995287168314544168e-02,9.742778006833265059e-02,5.045429883214232886e-02,9.691771750651691220e-02,5.461568730674866423e-02,7.004159803577780785e-02,6.147085041058817506e-02,5.087928432391143618e-02,4.268809589714369496e-02,1.773657657065626616e-03,-2.983148681463538079e-03,1.105403997164270194e-02
5.082885719168207528e-01,5.581594492279540187e-01,1.000000000000000000e+00,4.330478081336013862e-01,3.820056211258903711e-01,3.247856387601640304e-01,1.091226536192016622e-01,9.899541105644144023e-02,1.731964762416405013e-01,1.237782245951361410e-01,1.171664174569247152e-01,1.810287079568660695e-01,1.474219477766038622e-01,1.346491663057318711e-01,1.229751808956724146e-01,1.195749856591002830e-01,8.755916156640931869e-02,7.296630144226803893e-02,1.241310441604460274e-01,6.531395035088412293e-02,6.653978176470469463e-02,1.104255703294572677e-01,7.242899988155578062e-02,6.858524004251950745e-02,2.810966265214540419e-02,3.989726423658840337e-02,6.761130508241251780e-02,4.960358011429969599e-02,5.314267023683178631e-02,1.890090007791343438e-02,-1.641136150627982813e-03,9.262094223065654719e-03
5.074685298392614952e-01,6.110946915095332166e-01,4.330478081336013862e-01,1.000000000000000000e+00,5.912939246264976578e-01,5.622562271741778916e-01,1.151623350860123129e-01,3.023947995107367781e-01,3.983294014412384065e-01,3.100091498321265182e-01,2.376044982552066032e-01,3.388955779131230250e-01,3.087547687094422955e-01,2.220970742880008508e-01,2.568839340072687216e-01,2.436807213392220839e-01,1.873929416069012310e-01,2.029966055339618991e-01,2.122534041098463886e-01,1.275217624852804099e-01,1.737427938898475910e-01,1.858623017555358081e-01,1.268092616341784939e-01,1.383756529630973120e-01,3.741633598758954682e-02,4.070516048134652232e-02,8.374289452890228136e-02,4.990993428383937863e-02,5.566754526275047993e-02,-1.962719369447019774e-03,2.411571205110281998e-03,3.009241462986641819e-03
3.203424759997617888e-01,4.400089780894704816e-01,3.820056211258903711e-01,5.912939246264976578e-01,1.000000000000000000e+00,2.778111006014730155e-01,1.978506353196665124e-01,3.695926312147991277e-01,3.289579905713344021e-01,3.200089522415379140e-01,2.382099497844508973e-01,2.684580058133092528e-01,2.786502624269136530e-01,2.001217936828614818e-01,2.121486203676206106e-01,2.132861590540816865e-01,1.333367770868557067e-01,1.456329748545031610e-01,1.786410923419459729e-01,7.505605199393908245e-02,1.365341145729962180e-01,1.482442441946876521e-01,8.408829529688312265e-02,1.269350501266729991e-01,2.787752081054171299e-02,4.009410480146491373e-02,4.271538919982807020e-02,2.999745748023401395e-02,4.488292564704170901e-02,5.035554398293945813e-03,1.785189523157169542e-02,-5.082893270146621005e-03
2.895178792390738498e-01,3.731332683583813981e-01,3.247856387601640304e-01,5.622562271741778916e-01,2.778111006014730155e-01,1.000000000000000000e+00,3.369763839235746516e-01,2.985410177352547656e-01,4.747183892163654995e-01,2.580350501135462160e-01,3.491168575772674032e-01,3.947368940598421361e-01,2.866952945176111101e-01,3.261615642624227096e-01,2.954382566137598309e-01,2.576369390362587275e-01,2.591814973566270441e-01,2.233505375936115644e-01,2.301444597151972582e-01,1.804825990750702214e-01,2.007953356755692309e-01,2.034316006049127212e-01,1.661551266279820138e-01,1.487956178416507680e-01,5.320688449226636946e-02,3.728585961547781213e-02,9.772079375110677424e-02,8.244452235526765482e-02,2.202818577942088768e-02,-3.739027047056810160e-02,-6.873834216677892316e-03,-3.842036537758377387e-03
2.678633115860273167e-02,4.243610659003570207e-02,1.091226536192016622e-01,1.151623350860123129e-01,1.978506353196665124e-01,3.369763839235746516e-01,1.000000000000000000e+00,4.352583766455129233e-01,3.929246014811599852e-01,3.411457772540744116e-01,2.888517787591313168e-01,3.197602923696348798e-01,3.132757593173247090e-01,2.472165403062607791e-01,2.732216139591477910e-01,2.732136750480371190e-01,1.920089744618988237e-01,2.085838993641754013e-01,2.217935201056043526e-01,1.246336266325138997e-01,2.086566044465354430e-01,1.969320498883713466e-01,1.109618649175567046e-01,2.012351875094112175e-01,7.216671456215018043e-02,7.528276197017269578e-02,7.046426515554309045e-02,9.371063481234755133e-02,5.014491517366786305e-02,-3.290989772159370538e-03,1.780591102384800756e-02,-1.180506698892762329e-02
1.555130612362200238e-01,1.273897407837823736e-01,9.899541105644144023e-02,3.023947995107367781e-01,3.695926312147991277e-01,2.985410177352547656e-01,4.352583766455129233e-01,1.000000000000000000e+00,4.690334672375500169e-01,5.616551753486948018e-01,4.918474386808877608e-01,3.639411945453223662e-01,4.570969554881620933e-01,3.913944661080350218e-01,3.291851585431601057e-01,3.733659227108044321e-01,2.992517250789060168e-01,2.540216251240007828e-01,3.140377963460234123e-01,2.050303415454960421e-01,2.431969010734724990e-01,2.761947603790605443e-01,1.827924860761380166e-01,2.080050265203921001e-01,2.471070641472491655e-02,2.824607517795770656e-02,8.451988392235519620e-02,6.774793271850121368e-02,5.377850043953880804e-02,-3.675664003744737868e-02,-8.448795691804383140e-03,-2.817796400144093050e-02
1.972041482422306757e-01,2.588799827837368617e-01,1.731964762416405013e-01,3.983294014412384065e-01,3.289579905713344021e-01,4.747183892163654995e-01,3.929246014811599852e-01,4.690334672375500169e-01,1.000000000000000000e+00,5.583176724800906765e-01,5.584714164200285103e-01,7.354996130318679493e-01,4.537139246490499156e-01,4.983756165027184437e-01,5.695658753934960128e-01,3.729928142208756570e-01,3.868065467563667204e-01,3.904672900194712248e-01,3.238754692440313221e-01,2.875029612621032848e-01,3.530569908938943624e-01,2.742012394152603671e-01,2.537254443173341256e-01,2.492656947844801296e-01,9.662579752930632038e-02,1.006745349779053639e-01,1.447540797180535965e-01,1.305132188232309698e-01,8.086069340674009731e-02,-1.011693336977512528e-02,4.372569832426182607e-02,8.491468053130914878e-03
1.781125547214504612e-01,2.016528104211307848e-01,1.237782245951361410e-01,3.100091498321265182e-01,3.200089522415379140e-01,2.580350501135462160e-01,3.411457772540744116e-01,5.616551753486948018e-01,5.583176724800906765e-01,1.000000000000000000e+00,4.905544148137082616e-01,4.025484806311961927e-01,6.752996156060120381e-01,3.923282976167318803e-01,3.438683341251706493e-01,5.447734035343253511e-01,3.330404340171519983e-01,3.084801669920555489e-01,3.700090076569660935e-01,2.175158224245983540e-01,2.946010444491494185e-01,3.244594062474682183e-01,1.932424607185724286e-01,2.503003173379960145e-01,2.902716752598044278e-02,5.055638178757582840e-02,1.061079484439304832e-01,8.749599631616945816e-02,8.078246338166637786e-02,-1.843940112469718076e-02,1.571054546231371446e-04,-2.471885316386998252e-02
1.097516881215844509e-01,1.529512950591988274e-01,1.171664174569247152e-01,2.376044982552066032e-01,2.382099497844508973e-01,3.491168575772674032e-01,2.888517787591313168e-01,4.918474386808877608e-01,5.584714164200285103e-01,4.905544148137082616e-01,1.000000000000000000e+00,5.036366614219537352e-01,5.161547518365483533e-01,7.652091068726685208e-01,3.996391201143313365e-01,4.508394960695597531e-01,5.333579256854285022e-01,2.869917428783181346e-01,3.486753550958330283e-01,3.165701715430548902e-01,2.847334521014962538e-01,3.214575008313964033e-01,2.820882205174978230e-01,1.993464951575175392e-01,3.240200465854575079e-02,3.408912981595502850e-02,1.234946179458286941e-01,9.051017934354030348e-02,6.451701232532847108e-02,-2.377925921983723573e-02,1.495573490775097686e-02,-9.167604346926230136e-03
1.890074062928032428e-01,2.374913984218406937e-01,1.810287079568660695e-01,3.388955779131230250e-01,2.684580058133092528e-01,3.947368940598421361e-01,3.197602923696348798e-01,3.639411945453223662e-01,7.354996130318679493e-01,4.025484806311961927e-01,5.036366614219537352e-01,1.000000000000000000e+00,5.174830318223218040e-01,4.845452011625698274e-01,7.132394152294229128e-01,3.872151865971034113e-01,3.918289221820230872e-01,4.805964257160609265e-01,3.711688279106490906e-01,3.163554681925105361e-01,4.320471666813802680e-01,3.250306686140685408e-01,2.884291376044163524e-01,3.274943508937963044e-01,1.202721884822250398e-01,1.240540640127855421e-01,1.700328849025322109e-01,1.458513222442444357e-01,8.845614452397888849e-02,-7.587937711562874055e-03,3.000477078753397905e-02,6.519768781111144086e-03
1.746335178948890399e-01,1.895008508109978229e-01,1.474219477766038622e-01,3.087547687094422955e-01,2.786502624269136530e-01,2.866952945176111101e-01,3.132757593173247090e-01,4.570969554881620933e-01,4.537139246490499156e-01,6.752996156060120381e-01,5.161547518365483533e-01,5.174830318223218040e-01,1.000000000000000000e+00,5.136653267515556287e-01,4.691596845932681781e-01,7.369252613914332173e-01,4.383879126562484352e-01,4.114458163133027369e-01,5.023933625031011818e-01,3.168517122589586399e-01,3.996371804134818961e-01,4.451303448475454339e-01,2.906747374402165462e-01,3.445062249576905655e-01,4.619224886354160453e-02,6.903885919520312553e-02,1.456543262757913904e-01,1.043960443797301990e-01,9.065526728467650230e-02,-2.326413103230814960e-02,-6.018484761654493108e-03,-2.041477085292041013e-02
1.194954550626109724e-01,1.400020115100413243e-01,1.346491663057318711e-01,2.220970742880008508e-01,2.001217936828614818e-01,3.261615642624227096e-01,2.472165403062607791e-01,3.913944661080350218e-01,4.983756165027184437e-01,3.923282976167318803e-01,7.652091068726685208e-01,4.845452011625698274e-01,5.136653267515556287e-01,1.000000000000000000e+00,5.159370424134872568e-01,4.918243813744099246e-01,6.808998658652609670e-01,3.448284394335882075e-01,3.820145023034793308e-01,4.074797490072435968e-01,3.444442002022841676e-01,3.483607142960442049e-01,3.605255746726011568e-01,2.254567705328758831e-01,5.174116811349412787e-02,6.544508503815475720e-02,1.574178955594104923e-01,1.207106068030201623e-01,7.682598205350681109e-02,-3.420474490650615013e-02,1.579204132399054938e-02,-1.451825487461100815e-02
1.425775778912287128e-01,1.554529974553671701e-01,1.229751808956724146e-01,2.568839340072687216e-01,2.121486203676206106e-01,2.954382566137598309e-01,2.732216139591477910e-01,3.291851585431601057e-01,5.695658753934960128e-01,3.438683341251706493e-01,3.996391201143313365e-01,7.132394152294229128e-01,4.691596845932681781e-01,5.159370424134872568e-01,1.000000000000000000e+00,4.841700240521532028e-01,4.385550678268443359e-01,6.663835269648152870e-01,4.613050200379944510e-01,3.659096156480366457e-01,5.724229962734695976e-01,4.062636989714668578e-01,3.336674447969568136e-01,4.552889520802915202e-01,1.684138456426044483e-01,1.971347721956719645e-01,2.231313208005445969e-01,1.910093328172774718e-01,1.287192433887778542e-01,-5.341187085193441555e-03,3.644499831117978955e-02,4.813503238493253150e-03
1.298972542979748290e-01,1.469327718159154084e-01,1.195749856591002830e-01,2.436807213392220839e-01,2.132861590540816865e-01,2.576369390362587275e-01,2.732136750480371190e-01,3.733659227108044321e-01,3.729928142208756570e-01,5.447734035343253511e-01,4.508394960695597531e-01,3.872151865971034113e-01,7.369252613914332173e-01,4.918243813744099246e-01,4.841700240521532028e-01,1.000000000000000000e+00,5.115734390375188401e-01,4.740823110687891195e-01,6.375117630221912579e-01,3.673126362436521242e-01,4.450173645794271993e-01,5.419951810459271435e-01,3.363250934276840187e-01,3.804496331023013989e-01,1.847917128443918658e-02,8.367032640031217550e-02,1.447039061172566698e-01,1.071292585418376631e-01,9.375764545385982529e-02,-3.539309352102438383e-02,-1.861858635512186194e-02,-2.599635213768558897e-02
9.586751154154259102e-02,1.113735982956750303e-01,8.755916156640931869e-02,1.873929416069012310e-01,1.333367770868557067e-01,2.591814973566270441e-01,1.920089744618988237e-01,2.992517250789060168e-01,3.868065467563667204e-01,3.330404340171519983e-01,5.333579256854285022e-01,3.918289221820230872e-01,4.383879126562484352e-01,6.808998658652609670e-01,4.385550678268443359e-01,5.115734390375188401e-01,1.000000000000000000e+00,4.603272456142735725e-01,4.152813821994166266e-01,5.908574688693652988e-01,4.172918847228183070e-01,3.570130642485837558e-01,5.011946004353581285e-01,2.233297122600479967e-01,6.740803713384889428e-02,5.473787484045948559e-02,1.746046699951183390e-01,1.041231880099131174e-01,8.981786489494573977e-02,-4.677297105370337854e-02,-9.034809104736443025e-03,-3.847428171801032387e-02
1.201250639170607648e-01,1.220109205893498278e-01,7.296630144226803893e-02,2.029966055339618991e-01,1.456329748545031610e-01,2.233505375936115644e-01,2.085838993641754013e-01,2.540216251240007828e-01,3.904672900194712248e-01,3.084801669920555489e-01,2.869917428783181346e-01,4.805964257160609265e-01,4.114458163133027369e-01,3.448284394335882075e-01,6.663835269648152870e-01,4.740823110687891195e-01,4.603272456142735725e-01,1.000000000000000000e+00,5.146984011688586769e-01,4.629538581889834359e-01,8.000070643623926614e-01,4.329082976213040612e-01,4.148549902821584423e-01,6.201489181778599979e-01,2.840661447578458620e-01,2.703592190204231471e-01,3.313409569865926607e-01,2.418579612395979905e-01,1.837672159617887990e-01,-3.934198692145603887e-02,1.191854467426507400e-02,-2.048824225287252179e-02
1.325095581929325306e-01,1.249800765725967017e-01,1.241310441604460274e-01,2.122534041098463886e-01,1.786410923419459729e-01,2.301444597151972582e-01,2.217935201056043526e-01,3.140377963460234123e-01,3.238754692440313221e-01,3.700090076569660935e-01,3.486753550958330283e-01,3.711688279106490906e-01,5.023933625031011818e-01,3.820145023034793308e-01,4.613050200379944510e-01,6.375117630221912579e-01,4.152813821994166266e-01,5.146984011688586769e-01,1.000000000000000000e+00,5.229601782651187580e-01,5.147149163018155393e-01,8.067506250833182957e-01,4.434614852118699546e-01,4.621995198385287495e-01,-3.292484591186830428e-02,8.063951230896398981e-02,1.327372716403503461e-01,8.064334082581364749e-02,1.190518040844046471e-01,-7.628383561314719397e-03,-2.200874943733283767e-02,-1.185914337163687139e-02
7.564883032183050693e-02,4.030164905043205625e-02,6.531395035088412293e-02,1.275217624852804099e-01,7.505605199393908245e-02,1.804825990750702214e-01,1.246336266325138997e-01,2.050303415454960421e-01,2.875029612621032848e-01,2.175158224245983540e-01,3.165701715430548902e-01,3.163554681925105361e-01,3.168517122589586399e-01,4.074797490072435968e-01,3.659096156480366457e-01,3.673126362436521242e-01,5.908574688693652988e-01,4.629538581889834359e-01,5.229601782651187580e-01,1.000000000000000000e+00,5.202256811690966209e-01,4.503225555649231215e-01,7.995462682254405040e-01,1.957438887682604045e-01,4.671552618555104008e-02,7.168342151677908891e-02,1.996222129078608631e-01,9.656096677742537215e-02,1.292835305376411892e-01,-3.057446328555414941e-02,-2.562394207761554618e-02,-8.089305123907382378e-03
1.081339088104801560e-01,9.995287168314544168e-02,6.653978176470469463e-02,1.737427938898475910e-01,1.365341145729962180e-01,2.007953356755692309e-01,2.086566044465354430e-01,2.431969010734724990e-01,3.530569908938943624e-01,2.946010444491494185e-01,2.847334521014962538e-01,4.320471666813802680e-01,3.996371804134818961e-01,3.444442002022841676e-01,5.724229962734695976e-01,4.450173645794271993e-01,4.172918847228183070e-01,8.000070643623926614e-01,5.147149163018155393e-01,5.202256811690966209e-01,1.000000000000000000e+00,5.228451195579042476e-01,4.773894493610632006e-01,7.703816912603770328e-01,3.644747313387532439e-01,3.238147686673790160e-01,3.945203688579733692e-01,2.873286474779058186e-01,2.164549063037602972e-01,-3.528125640456152012e-02,-4.152594973832320242e-03,-1.747573328007324608e-02
1.224061007573289256e-01,9.742778006833265059e-02,1.104255703294572677e-01,1.858623017555358081e-01,1.482442441946876521e-01,2.034316006049127212e-01,1.969320498883713466e-01,2.761947603790605443e-01,2.742012394152603671e-01,3.244594062474682183e-01,3.214575008313964033e-01,3.250306686140685408e-01,4.451303448475454339e-01,3.483607142960442049e-01,4.062636989714668578e-01,5.419951810459271435e-01,3.570130642485837558e-01,4.329082976213040612e-01,8.067506250833182957e-01,4.503225555649231215e-01,5.228451195579042476e-01,1.000000000000000000e+00,4.999163015707289159e-01,5.052936683307757137e-01,-9.672064598988454331e-02,5.284606493281785583e-02,1.224007808118675877e-01,5.726064277881385417e-02,1.254476967043558211e-01,-8.873642740521532277e-03,-1.625306050091478854e-02,-1.177992550206592541e-02
8.173119271947053288e-02,5.045429883214232886e-02,7.242899988155578062e-02,1.268092616341784939e-01,8.408829529688312265e-02,1.661551266279820138e-01,1.109618649175567046e-01,1.827924860761380166e-01,2.537254443173341256e-01,1.932424607185724286e-01,2.820882205174978230e-01,2.884291376044163524e-01,2.906747374402165462e-01,3.605255746726011568e-01,3.336674447969568136e-01,3.363250934276840187e-01,5.011946004353581285e-01,4.148549902821584423e-01,4.434614852118699546e-01,7.995462682254405040e-01,4.773894493610632006e-01,4.999163015707289159e-01,1.000000000000000000e+00,1.734468657987044415e-01,4.312365561556547738e-02,7.259210291257840730e-02,2.361970046795240918e-01,9.075404147367290009e-02,1.538960447219407113e-01,-4.859145783291912712e-02,-2.863576882595474798e-02,-1.512244805479011659e-03
9.733874866565446482e-02,9.691771750651691220e-02,6.858524004251950745e-02,1.383756529630973120e-01,1.269350501266729991e-01,1.487956178416507680e-01,2.012351875094112175e-01,2.080050265203921001e-01,2.492656947844801296e-01,2.503003173379960145e-01,1.993464951575175392e-01,3.274943508937963044e-01,3.445062249576905655e-01,2.254567705328758831e-01,4.552889520802915202e-01,3.804496331023013989e-01,2.233297122600479967e-01,6.201489181778599979e-01,4.621995198385287495e-01,1.957438887682604045e-01,7.703816912603770328e-01,5.052936683307757137e-01,1.734468657987044415e-01,1.000000000000000000e+00,4.019864558264408250e-01,4.176905822568229287e-01,3.754458252358278125e-01,3.158709052824079655e-01,2.168667845343222322e-01,-2.310181839537024662e-02,-2.278417129432912767e-03,-2.997955073245842442e-02
5.173757634566887587e-02,5.461568730674866423e-02,2.810966265214540419e-02,3.741633598758954682e-02,2.787752081054171299e-02,5.320688449226636946e-02,7.216671456215018043e-02,2.471070641472491655e-02,9.662579752930632038e-02,2.902716752598044278e-02,3.240200465854575079e-02,1.202721884822250398e-01,4.619224886354160453e-02,5.174116811349412787e-02,1.684138456426044483e-01,1.847917128443918658e-02,6.740803713384889428e-02,2.840661447578458620e-01,-3.292484591186830428e-02,4.671552618555104008e-02,3.644747313387532439e-01,-9.672064598988454331e-02,4.312365561556547738e-02,4.019864558264408250e-01,1.000000000000000000e+00,5.335037350599889372e-01,5.982756798050418157e-01,4.505916131496432442e-01,1.871026905579499244e-01,-1.459936085339318124e-01,-4.095061369713149518e-02,-6.351471588285034775e-02
3.034402301477709049e-02,7.004159803577780785e-02,3.989726423658840337e-02,4.070516048134652232e-02,4.009410480146491373e-02,3.728585961547781213e-02,7.528276197017269578e-02,2.824607517795770656e-02,1.006745349779053639e-01,5.055638178757582840e-02,3.408912981595502850e-02,1.240540640127855421e-01,6.903885919520312553e-02,6.544508503815475720e-02,1.971347721956719645e-01,8.367032640031217550e-02,5.473787484045948559e-02,2.703592190204231471e-01,8.063951230896398981e-02,7.168342151677908891e-02,3.238147686673790160e-01,5.284606493281785583e-02,7.259210291257840730e-02,4.176905822568229287e-01,5.335037350599889372e-01,1.000000000000000000e+00,4.902385711308241967e-01,5.533038227817426158e-01,2.797094390338618619e-01,2.099001404373864593e-02,2.041183615577415664e-03,-1.032053977300411568e-02
8.220451203061726608e-02,6.147085041058817506e-02,6.761130508241251780e-02,8.374289452890228136e-02,4.271538919982807020e-02,9.772079375110677424e-02,7.046426515554309045e-02,8.451988392235519620e-02,1.447540797180535965e-01,1.061079484439304832e-01,1.234946179458286941e-01,1.700328849025322109e-01,1.456543262757913904e-01,1.574178955594104923e-01,2.231313208005445969e-01,1.447039061172566698e-01,1.746046699951183390e-01,3.313409569865926607e-01,1.327372716403503461e-01,1.996222129078608631e-01,3.945203688579733692e-01,1.224007808118675877e-01,2.361970046795240918e-01,3.754458252358278125e-01,5.982756798050418157e-01,4.902385711308241967e-01,1.000000000000000000e+00,5.958146102581595160e-01,5.556587000527951625e-01,-2.753932463129821120e-03,2.963128100562108930e-02,4.157866376006710829e-02
3.775835112733995358e-02,5.087928432391143618e-02,4.960358011429969599e-02,4.990993428383937863e-02,2.999745748023401395e-02,8.244452235526765482e-02,9.371063481234755133e-02,6.774793271850121368e-02,1.305132188232309698e-01,8.749599631616945816e-02,9.051017934354030348e-02,1.458513222442444357e-01,1.043960443797301990e-01,1.207106068030201623e-01,1.910093328172774718e-01,1.071292585418376631e-01,1.041231880099131174e-01,2.418579612395979905e-01,8.064334082581364749e-02,9.656096677742537215e-02,2.873286474779058186e-01,5.726064277881385417e-02,9.075404147367290009e-02,3.158709052824079655e-01,4.505916131496432442e-01,5.533038227817426158e-01,5.958146102581595160e-01,1.000000000000000000e+00,2.329754431738639275e-01,8.578364986088495014e-02,1.394344053659854477e-01,7.349236114473670090e-02
6.576850828193739340e-02,4.268809589714369496e-02,5.314267023683178631e-02,5.566754526275047993e-02,4.488292564704170901e-02,2.202818577942088768e-02,5.014491517366786305e-02,5.377850043953880804e-02,8.086069340674009731e-02,8.078246338166637786e-02,6.451701232532847108e-02,8.845614452397888849e-02,9.065526728467650230e-02,7.682598205350681109e-02,1.287192433887778542e-01,9.375764545385982529e-02,8.981786489494573977e-02,1.837672159617887990e-01,1.190518040844046471e-01,1.292835305376411892e-01,2.164549063037602972e-01,1.254476967043558211e-01,1.538960447219407113e-01,2.168667845343222322e-01,1.871026905579499244e-01,2.797094390338618619e-01,5.556587000527951625e-01,2.329754431738639275e-01,1.000000000000000000e+00,3.492507642769984710e-01,2.324104412520025253e-01,2.419987223346324601e-01
2.084585033536527632e-02,1.773657657065626616e-03,1.890090007791343438e-02,-1.962719369447019774e-03,5.035554398293945813e-03,-3.739027047056810160e-02,-3.290989772159370538e-03,-3.675664003744737868e-02,-1.011693336977512528e-02,-1.843940112469718076e-02,-2.377925921983723573e-02,-7.587937711562874055e-03,-2.326413103230814960e-02,-3.420474490650615013e-02,-5.341187085193441555e-03,-3.539309352102438383e-02,-4.677297105370337854e-02,-3.934198692145603887e-02,-7.628383561314719397e-03,-3.057446328555414941e-02,-3.528125640456152012e-02,-8.873642740521532277e-03,-4.859145783291912712e-02,-2.310181839537024662e-02,-1.459936085339318124e-01,2.099001404373864593e-02,-2.753932463129821120e-03,8.578364986088495014e-02,3.492507642769984710e-01,1.000000000000000000e+00,4.643758076569188820e-01,5.365815622740963686e-01
2.083363842793089366e-02,-2.983148681463538079e-03,-1.641136150627982813e-03,2.411571205110281998e-03,1.785189523157169542e-02,-6.873834216677892316e-03,1.780591102384800756e-02,-8.448795691804383140e-03,4.372569832426182607e-02,1.571054546231371446e-04,1.495573490775097686e-02,3.000477078753397905e-02,-6.018484761654493108e-03,1.579204132399054938e-02,3.644499831117978955e-02,-1.861858635512186194e-02,-9.034809104736443025e-03,1.191854467426507400e-02,-2.200874943733283767e-02,-2.562394207761554618e-02,-4.152594973832320242e-03,-1.625306050091478854e-02,-2.863576882595474798e-02,-2.278417129432912767e-03,-4.095061369713149518e-02,2.041183615577415664e-03,2.963128100562108930e-02,1.394344053659854477e-01,2.324104412520025253e-01,4.643758076569188820e-01,1.000000000000000000e+00,4.714240647812188989e-01
3.216097476319056125e-02,1.105403997164270194e-02,9.262094223065654719e-03,3.009241462986641819e-03,-5.082893270146621005e-03,-3.842036537758377387e-03,-1.180506698892762329e-02,-2.817796400144093050e-02,8.491468053130914878e-03,-2.471885316386998252e-02,-9.167604346926230136e-03,6.519768781111144086e-03,-2.041477085292041013e-02,-1.451825487461100815e-02,4.813503238493253150e-03,-2.599635213768558897e-02,-3.847428171801032387e-02,-2.048824225287252179e-02,-1.185914337163687139e-02,-8.089305123907382378e-03,-1.747573328007324608e-02,-1.177992550206592541e-02,-1.512244805479011659e-03,-2.997955073245842442e-02,-6.351471588285034775e-02,-1.032053977300411568e-02,4.157866376006710829e-02,7.349236114473670090e-02,2.419987223346324601e-01,5.365815622740963686e-01,4.714240647812188989e-01,1.000000000000000000e+00
