1.000000000000000000e+00,4.702726836995305137e-01,4.125087362426267945e-01,4.525588987912921857e-01,3.363332804857921965e-01,1.636548249214545281e-01,1.589208314844465508e-01,1.325354151989214524e-01,5.853096891718142375e-02,1.484463259059946583e-01,2.181684899592787122e-02,4.557887633345728690e-02,4.515386098847199575e-02,3.366081400229139348e-02,1.881616936842471846e-02,1.875368049732190415e-02,1.225865977746935613e-02,3.219906374286402462e-03,1.461664920646101040e-02,1.229403762936705918e-02,7.374536153194704430e-03,1.887485672858039282e-02,4.818130894177396518e-03,4.678686156794018350e-03,-2.128714327987083973e-02,1.689559719160168075e-02,2.556981452944169638e-04,-7.988040448974522562e-03,-1.900830406219205029e-02,7.016032052654732308e-03,-3.713580514605098470e-02,-1.754434403607491033e-02
4.702726836995305137e-01,1.000000000000000000e+00,5.692296284225352165e-01,7.053104572422127516e-01,4.016836307420184049e-01,1.060581057578879327e-01,-2.766406825103091480e-02,2.522685001602873942e-02,-9.117214837067770528e-02,5.931680940297202886e-02,-3.920008708042585499e-02,-1.023460916070059387e-02,1.577096963648355610e-02,1.783612633135050682e-02,-1.731966701481472276e-02,2.547209010588954558e-03,7.258043479144762541e-03,-1.648723253631455624e-02,-7.066589032273880473e-03,3.582826804376611218e-03,-3.332345706723088136e-02,-8.234545341345605660e-03,1.283873126720197315e-02,-4.087709332441796795e-02,-4.673668795309092461e-02,3.140535854869124649e-02,-5.764515209284157282e-02,-2.122868595983859810e-02,-4.161354440194589902e-03,7.644047763998455813e-02,4.180055065471777187e-02,3.762013540352965313e-02
4.125087362426267945e-01,5.692296284225352165e-01,1.000000000000000000e+00,6.205640703544260672e-01,6.980936118134732915e-01,3.012994088075033328e-01,1.459646407126070633e-01,2.866219079912175061e-01,-5.722125077463236127e-03,2.502202718718657404e-01,1.121789559293205063e-01,3.762990009072452596e-02,1.172654128942156454e-01,8.963443138341045668e-02,2.641244304009492984e-03,8.504774355863208013e-02,5.256770099689712233e-02,-2.308479409697862528e-02,6.407357567744531579e-02,4.187484301780468321e-02,-3.648100886749331556e-02,6.336155678720582773e-02,2.398114745098066380e-02,-3.681089687407219230e-02,-9.128173119311520922e-02,-2.406124575640536389e-02,-1.972018780042247843e-02,9.803885400691143490e-03,-1.098405239744696315e-03,6.018948502321527783e-02,-5.246040909361403444e-03,2.745729142006558474e-02
4.525588987912921857e-01,7.053104572422127516e-01,6.205640703544260672e-01,1.000000000000000000e+00,3.531656456115255804e-01,6.066342424918194642e-02,-2.645367317877746899e-02,-5.507937096404889876e-02,-1.119951667578192728e-01,1.890452449535979379e-02,-1.086079493361817166e-01,-2.933340981986513885e-02,-1.752426405834891024e-02,-4.078062243873810389e-02,-5.195416577299062644e-02,-4.232031136596157289e-02,-4.834237473735748802e-02,-5.342602493333224734e-02,-5.184652535391140460e-02,-3.332122997474932374e-02,-6.143106569213953316e-02,-4.866753701341904048e-02,-2.114189859891946188e-02,-6.675036016339340461e-02,-6.828224581208330868e-02,-2.380136379819565700e-03,-7.100477635541085908e-02,-6.165615166646046946e-02,-4.510959278756868085e-02,1.376655527390286196e-02,-4.951740643364066496e-03,-4.794756908015057086e-03
3.363332804857921965e-01,4.016836307420184049e-01,6.980936118134732915e-01,3.531656456115255804e-01,1.000000000000000000e+00,5.792732403427746091e-01,4.858872270738595622e-01,5.988576152733967595e-01,2.835765910508459831e-01,5.000230278407559181e-01,3.395590201846792611e-01,2.393434946236108196e-01,3.041123280518281957e-01,2.621696208376670945e-01,1.959928588215257006e-01,2.489222426142207178e-01,2.029321204824277580e-01,1.602541287988666630e-01,2.088920463359532353e-01,1.661311865387768150e-01,1.338593650496472942e-01,2.027321348138368950e-01,1.173474919737645950e-01,9.535217227808064078e-02,-1.890169143715146605e-02,8.276718185697656827e-02,6.733007787593166260e-02,1.013043844421985112e-01,4.224921571901341100e-02,4.987387673977191488e-02,-3.400489267070519461e-02,4.279527026639940585e-02
1.636548249214545281e-01,1.060581057578879327e-01,3.012994088075033328e-01,6.066342424918194642e-02,5.792732403427746091e-01,1.000000000000000000e+00,5.142679322159602329e-01,7.403945220760339563e-01,5.222686869006245569e-01,4.597318746426296010e-01,6.082880908844499057e-01,4.340205451273649317e-01,3.528087391403196271e-01,4.594086140335432167e-01,3.693443205632217508e-01,3.034418462179596099e-01,3.853190100125108430e-01,3.118684856736593791e-01,2.746867379122404640e-01,3.200615865539697680e-01,2.544192509088965548e-01,2.570560430400210539e-01,2.444732560306745184e-01,1.405048531642696386e-01,8.364884391000663999e-02,1.105001419170009574e-01,1.002244459866973719e-01,1.314473349448769535e-01,7.135593516354123145e-02,-4.206777886832193704e-03,-4.796749258338092042e-02,2.974134617108028719e-02
1.589208314844465508e-01,-2.766406825103091480e-02,1.459646407126070633e-01,-2.645367317877746899e-02,4.858872270738595622e-01,5.142679322159602329e-01,1.000000000000000000e+00,6.529565580102316691e-01,6.788790543590835780e-01,6.501986042606014982e-01,3.718363186260040254e-01,4.710529515846204052e-01,3.847113813912209634e-01,2.735773567183688582e-01,3.769327641048202393e-01,2.980564373067796646e-01,2.239089408717028495e-01,3.069251434249344879e-01,2.512660064231760360e-01,1.787045620158849990e-01,2.660106402827346894e-01,2.233762264065100034e-01,1.294510211559881385e-01,1.994056675569432224e-01,6.827961924359167434e-02,1.605755243706095126e-01,1.295414749398406395e-01,1.465350201319359225e-01,1.301164355648532986e-02,-4.655813420026410493e-02,-1.023501700651689716e-01,-2.797883925000514346e-02
1.325354151989214524e-01,2.522685001602873942e-02,2.866219079912175061e-01,-5.507937096404889876e-02,5.988576152733967595e-01,7.403945220760339563e-01,6.529565580102316691e-01,1.000000000000000000e+00,5.935344834991651553e-01,6.726518928467205560e-01,6.991977588581729242e-01,4.685535344567221538e-01,4.578702267196116948e-01,5.058976473431635590e-01,3.949879338482018554e-01,3.890268087284579623e-01,4.160912571820595818e-01,3.232437314495819614e-01,3.511024975958143002e-01,3.405948758408298693e-01,2.726161456821244444e-01,3.222254484351768644e-01,2.509095858771693832e-01,1.733520953806915732e-01,5.139448951183791386e-02,1.353664256376775343e-01,1.247849232788346280e-01,1.649262592834958852e-01,4.302309855171863179e-02,-6.103864068073563791e-03,-6.387895434982426845e-02,7.692041444557321667e-03
5.853096891718142375e-02,-9.117214837067770528e-02,-5.722125077463236127e-03,-1.119951667578192728e-01,2.835765910508459831e-01,5.222686869006245569e-01,6.788790543590835780e-01,5.935344834991651553e-01,1.000000000000000000e+00,5.122232611452839368e-01,5.359627446130834638e-01,6.719597732528050926e-01,3.106929787020288325e-01,3.725008172270956597e-01,5.209569770426880631e-01,2.603164985933626441e-01,3.175989857012676554e-01,4.200024242730330259e-01,2.503590844972362062e-01,2.573884083955580437e-01,3.475260566971876686e-01,2.304906725883117957e-01,1.978347883141533536e-01,2.417937752715499655e-01,1.414170614529979275e-01,1.889602620435326119e-01,1.611109326756728355e-01,1.715143407293453215e-01,6.739784585030555997e-02,-7.781214449175222203e-02,-7.582875262559014840e-02,-1.559392754787145355e-02
1.484463259059946583e-01,5.931680940297202886e-02,2.502202718718657404e-01,1.890452449535979379e-02,5.000230278407559181e-01,4.597318746426296010e-01,6.501986042606014982e-01,6.726518928467205560e-01,5.122232611452839368e-01,1.000000000000000000e+00,4.584149765600949999e-01,4.515563501809484181e-01,5.557667940723122202e-01,3.407822251557643956e-01,3.811738268399046392e-01,4.506851742205796318e-01,2.809260330482453716e-01,3.114340128977663991e-01,3.772300789709772117e-01,2.279851258706717676e-01,2.582708919805342673e-01,3.224847538128133850e-01,1.695730063450309189e-01,2.067088514707834113e-01,4.244365840035418946e-02,1.611583306626902246e-01,1.405308934167119606e-01,1.690511837075802104e-01,2.180440501472232992e-02,-2.495081127685325195e-02,-1.105764516510604895e-01,-1.188196657186939287e-02
2.181684899592787122e-02,-3.920008708042585499e-02,1.121789559293205063e-01,-1.086079493361817166e-01,3.395590201846792611e-01,6.082880908844499057e-01,3.718363186260040254e-01,6.991977588581729242e-01,5.359627446130834638e-01,4.584149765600949999e-01,1.000000000000000000e+00,5.044261621404994012e-01,4.686617601160195101e-01,6.869467638353534689e-01,4.329999418577141213e-01,4.083145722519803122e-01,5.620620139179702823e-01,3.639599288324661397e-01,3.859472078768495518e-01,4.617827454290831524e-01,3.248207812472181932e-01,3.511325258008854977e-01,3.473448095071005604e-01,1.849888982853624408e-01,8.736707040166168114e-02,1.294889451003762848e-01,1.173464103304784067e-01,1.636160259828702834e-01,7.221744248626178753e-02,-4.038346216967209773e-02,-6.219381337775959501e-02,8.808503700771932315e-03
4.557887633345728690e-02,-1.023460916070059387e-02,3.762990009072452596e-02,-2.933340981986513885e-02,2.393434946236108196e-01,4.340205451273649317e-01,4.710529515846204052e-01,4.685535344567221538e-01,6.719597732528050926e-01,4.515563501809484181e-01,5.044261621404994012e-01,1.000000000000000000e+00,5.115327862188798758e-01,4.443225455769278520e-01,7.680639047084801829e-01,4.293994446972805856e-01,4.112090046691826983e-01,6.238300593192420695e-01,3.900939189384762251e-01,3.446413584685836806e-01,4.837473816095356205e-01,3.325007675952574293e-01,2.962605036519307955e-01,3.167933078084680387e-01,1.638916082117111706e-01,2.242567928142302491e-01,2.053635184941347280e-01,2.313609240460391681e-01,7.674798081274830652e-02,-7.250212169940604967e-02,-7.635053158221941083e-02,-2.372120810227627743e-03
4.515386098847199575e-02,1.577096963648355610e-02,1.172654128942156454e-01,-1.752426405834891024e-02,3.041123280518281957e-01,3.528087391403196271e-01,3.847113813912209634e-01,4.578702267196116948e-01,3.106929787020288325e-01,5.557667940723122202e-01,4.686617601160195101e-01,5.115327862188798758e-01,1.000000000000000000e+00,5.242411418577649362e-01,5.024045813721391696e-01,7.908078260814365157e-01,4.373259136473218733e-01,4.033434473385482111e-01,6.397328415406414726e-01,3.534607533260525902e-01,3.521207577722667570e-01,4.889381614902954531e-01,2.866722115443520735e-01,2.716478264552975030e-01,5.072893313975106178e-02,1.541692871104567431e-01,1.935970934354200312e-01,2.290045760702280053e-01,7.769308765322653632e-02,-1.802560586797059133e-02,-9.394366947297175252e-02,2.593861488582917957e-02
3.366081400229139348e-02,1.783612633135050682e-02,8.963443138341045668e-02,-4.078062243873810389e-02,2.621696208376670945e-01,4.594086140335432167e-01,2.735773567183688582e-01,5.058976473431635590e-01,3.725008172270956597e-01,3.407822251557643956e-01,6.869467638353534689e-01,4.443225455769278520e-01,5.242411418577649362e-01,1.000000000000000000e+00,5.178314481601461461e-01,4.615144390212785885e-01,7.881515852038761816e-01,4.263050052121205580e-01,4.280195026774705203e-01,6.349107449210613652e-01,3.691685166026104081e-01,3.706859398683026718e-01,4.764069544051032223e-01,1.476849957774018229e-01,9.016925220471756763e-02,8.862822031973813242e-02,9.981926553402095670e-02,1.789420492151709008e-01,9.185768380825554136e-02,-9.395859871606869473e-03,-2.993944787887680911e-02,3.782698220288320534e-02
1.881616936842471846e-02,-1.731966701481472276e-02,2.641244304009492984e-03,-5.195416577299062644e-02,1.959928588215257006e-01,3.693443205632217508e-01,3.769327641048202393e-01,3.949879338482018554e-01,5.209569770426880631e-01,3.811738268399046392e-01,4.329999418577141213e-01,7.680639047084801829e-01,5.024045813721391696e-01,5.178314481601461461e-01,1.000000000000000000e+00,5.266216696680445786e-01,5.091766834286884924e-01,8.033565713300503397e-01,4.655984615227554690e-01,4.244208219937909421e-01,6.160934244229461232e-01,3.810367982196327108e-01,3.616850199208504479e-01,4.015684244814183845e-01,2.361709932180726668e-01,2.744441434772325605e-01,2.667618844468897521e-01,2.873282155287766315e-01,1.272157932692231097e-01,-5.776754952285351880e-02,-5.409211361873477591e-02,2.325968376448362893e-02
1.875368049732190415e-02,2.547209010588954558e-03,8.504774355863208013e-02,-4.232031136596157289e-02,2.489222426142207178e-01,3.034418462179596099e-01,2.980564373067796646e-01,3.890268087284579623e-01,2.603164985933626441e-01,4.506851742205796318e-01,4.083145722519803122e-01,4.293994446972805856e-01,7.908078260814365157e-01,4.615144390212785885e-01,5.266216696680445786e-01,1.000000000000000000e+00,5.192412455783219638e-01,4.381523923954226407e-01,7.955233223070481419e-01,4.179366140568770982e-01,3.899990856406755357e-01,6.007969356661119198e-01,3.428292941888926304e-01,3.278513487976362217e-01,6.163153013085063969e-02,1.947569593548338363e-01,2.445434723692677392e-01,2.741701629094048243e-01,1.019893411375293324e-01,-1.185029448867883604e-02,-8.529539809973088471e-02,3.755133720829408744e-02
1.225865977746935613e-02,7.258043479144762541e-03,5.256770099689712233e-02,-4.834237473735748802e-02,2.029321204824277580e-01,3.853190100125108430e-01,2.239089408717028495e-01,4.160912571820595818e-01,3.175989857012676554e-01,2.809260330482453716e-01,5.620620139179702823e-01,4.112090046691826983e-01,4.373259136473218733e-01,7.881515852038761816e-01,5.091766834286884924e-01,5.192412455783219638e-01,1.000000000000000000e+00,5.188718749438420152e-01,5.073379407371959582e-01,7.947377613200338198e-01,4.514824097105165635e-01,4.333974807329853962e-01,5.988561833116131661e-01,1.819812612546837516e-01,1.017822387325128253e-01,1.100487254083133692e-01,1.270592677697260087e-01,2.134883437729180045e-01,1.055072962749199206e-01,-7.428584739754910335e-03,-3.242680282972586897e-02,4.854599780837710182e-02
3.219906374286402462e-03,-1.648723253631455624e-02,-2.308479409697862528e-02,-5.342602493333224734e-02,1.602541287988666630e-01,3.118684856736593791e-01,3.069251434249344879e-01,3.232437314495819614e-01,4.200024242730330259e-01,3.114340128977663991e-01,3.639599288324661397e-01,6.238300593192420695e-01,4.033434473385482111e-01,4.263050052121205580e-01,8.033565713300503397e-01,4.381523923954226407e-01,5.188718749438420152e-01,1.000000000000000000e+00,5.158632736040054123e-01,4.455585632295259169e-01,7.483003859127670410e-01,4.134445240368394003e-01,3.929677715186902787e-01,4.991262049624765051e-01,3.063419809015534012e-01,3.413635638105187997e-01,3.445828805695798080e-01,3.394246539007389485e-01,1.724653692728805587e-01,-5.219069330409693147e-02,-3.587518147942399954e-02,4.259176366321813095e-02
1.461664920646101040e-02,-7.066589032273880473e-03,6.407357567744531579e-02,-5.184652535391140460e-02,2.088920463359532353e-01,2.746867379122404640e-01,2.512660064231760360e-01,3.511024975958143002e-01,2.503590844972362062e-01,3.772300789709772117e-01,3.859472078768495518e-01,3.900939189384762251e-01,6.397328415406414726e-01,4.280195026774705203e-01,4.655984615227554690e-01,7.955233223070481419e-01,5.073379407371959582e-01,5.158632736040054123e-01,1.000000000000000000e+00,5.072298407340029014e-01,4.891288833728030250e-01,7.450798669658376117e-01,4.216929654575322650e-01,4.170539295874168828e-01,7.883540855568373085e-02,2.602959416946469262e-01,3.204545555182538030e-01,3.360164027711168844e-01,1.269431071795320276e-01,-2.556910039557576744e-02,-7.817334368558769009e-02,4.639954939387703342e-02
1.229403762936705918e-02,3.582826804376611218e-03,4.187484301780468321e-02,-3.332122997474932374e-02,1.661311865387768150e-01,3.200615865539697680e-01,1.787045620158849990e-01,3.405948758408298693e-01,2.573884083955580437e-01,2.279851258706717676e-01,4.617827454290831524e-01,3.446413584685836806e-01,3.534607533260525902e-01,6.349107449210613652e-01,4.244208219937909421e-01,4.179366140568770982e-01,7.947377613200338198e-01,4.455585632295259169e-01,5.072298407340029014e-01,1.000000000000000000e+00,5.180213596408234089e-01,4.616286726736398838e-01,7.475117378895412834e-01,1.738467140076501716e-01,1.119569332657875393e-01,1.260054539825749831e-01,1.333543192236020802e-01,2.240149859688734257e-01,1.227820639996770047e-01,1.392471005525309710e-02,-9.873098924854196989e-03,7.448618491749066373e-02
7.374536153194704430e-03,-3.332345706723088136e-02,-3.648100886749331556e-02,-6.143106569213953316e-02,1.338593650496472942e-01,2.544192509088965548e-01,2.660106402827346894e-01,2.726161456821244444e-01,3.475260566971876686e-01,2.582708919805342673e-01,3.248207812472181932e-01,4.837473816095356205e-01,3.521207577722667570e-01,3.691685166026104081e-01,6.160934244229461232e-01,3.899990856406755357e-01,4.514824097105165635e-01,7.483003859127670410e-01,4.891288833728030250e-01,5.180213596408234089e-01,1.000000000000000000e+00,5.130612330274909594e-01,4.827549694874380126e-01,6.933680783018597582e-01,4.266150000305919399e-01,4.572719025820552452e-01,4.821451993664980784e-01,4.311600223572958357e-01,2.436648598747953309e-01,-6.737344301623711396e-02,-1.444996664140099814e-02,5.018863989340779930e-02
1.887485672858039282e-02,-8.234545341345605660e-03,6.336155678720582773e-02,-4.866753701341904048e-02,2.027321348138368950e-01,2.570560430400210539e-01,2.233762264065100034e-01,3.222254484351768644e-01,2.304906725883117957e-01,3.224847538128133850e-01,3.511325258008854977e-01,3.325007675952574293e-01,4.889381614902954531e-01,3.706859398683026718e-01,3.810367982196327108e-01,6.007969356661119198e-01,4.333974807329853962e-01,4.134445240368394003e-01,7.450798669658376117e-01,4.616286726736398838e-01,5.130612330274909594e-01,1.000000000000000000e+00,5.077871170190769723e-01,5.090883161849718563e-01,1.539954004392634322e-02,3.192737502007357842e-01,3.743262336535125301e-01,4.116707204815179821e-01,8.787086432064553088e-02,-7.021199511934107795e-02,-1.103371823764329185e-01,8.567194054014440688e-03
4.818130894177396518e-03,1.283873126720197315e-02,2.398114745098066380e-02,-2.114189859891946188e-02,1.173474919737645950e-01,2.444732560306745184e-01,1.294510211559881385e-01,2.509095858771693832e-01,1.978347883141533536e-01,1.695730063450309189e-01,3.473448095071005604e-01,2.962605036519307955e-01,2.866722115443520735e-01,4.764069544051032223e-01,3.616850199208504479e-01,3.428292941888926304e-01,5.988561833116131661e-01,3.929677715186902787e-01,4.216929654575322650e-01,7.475117378895412834e-01,4.827549694874380126e-01,5.077871170190769723e-01,1.000000000000000000e+00,1.876348077142633852e-01,1.101344674706428439e-01,1.710114509806157368e-01,1.479369557784638578e-01,2.381656619004256237e-01,1.155703467436224180e-01,5.908800800820868462e-03,-3.585763019307265046e-03,7.457362078726692545e-02
4.678686156794018350e-03,-4.087709332441796795e-02,-3.681089687407219230e-02,-6.675036016339340461e-02,9.535217227808064078e-02,1.405048531642696386e-01,1.994056675569432224e-01,1.733520953806915732e-01,2.417937752715499655e-01,2.067088514707834113e-01,1.849888982853624408e-01,3.167933078084680387e-01,2.716478264552975030e-01,1.476849957774018229e-01,4.015684244814183845e-01,3.278513487976362217e-01,1.819812612546837516e-01,4.991262049624765051e-01,4.170539295874168828e-01,1.738467140076501716e-01,6.933680783018597582e-01,5.090883161849718563e-01,1.876348077142633852e-01,1.000000000000000000e+00,4.992755099446125611e-01,6.275744104178460070e-01,6.588960187647484590e-01,4.860500940622038968e-01,2.302981119213100003e-01,-1.817767353725537605e-01,-6.784321863271539077e-02,-4.065202848042476225e-02
-2.128714327987083973e-02,-4.673668795309092461e-02,-9.128173119311520922e-02,-6.828224581208330868e-02,-1.890169143715146605e-02,8.364884391000663999e-02,6.827961924359167434e-02,5.139448951183791386e-02,1.414170614529979275e-01,4.244365840035418946e-02,8.736707040166168114e-02,1.638916082117111706e-01,5.072893313975106178e-02,9.016925220471756763e-02,2.361709932180726668e-01,6.163153013085063969e-02,1.017822387325128253e-01,3.063419809015534012e-01,7.883540855568373085e-02,1.119569332657875393e-01,4.266150000305919399e-01,1.539954004392634322e-02,1.101344674706428439e-01,4.992755099446125611e-01,1.000000000000000000e+00,4.038568813513617739e-01,4.048452838819356914e-01,2.365996576069031299e-01,4.582485106645288742e-01,-7.712323638334872555e-02,2.168531245287285136e-01,9.499687949030170830e-02
1.689559719160168075e-02,3.140535854869124649e-02,-2.406124575640536389e-02,-2.380136379819565700e-03,8.276718185697656827e-02,1.105001419170009574e-01,1.605755243706095126e-01,1.353664256376775343e-01,1.889602620435326119e-01,1.611583306626902246e-01,1.294889451003762848e-01,2.242567928142302491e-01,1.541692871104567431e-01,8.862822031973813242e-02,2.744441434772325605e-01,1.947569593548338363e-01,1.100487254083133692e-01,3.413635638105187997e-01,2.602959416946469262e-01,1.260054539825749831e-01,4.572719025820552452e-01,3.192737502007357842e-01,1.710114509806157368e-01,6.275744104178460070e-01,4.038568813513617739e-01,1.000000000000000000e+00,3.467107038602449953e-01,3.202028567039710838e-01,-5.728268264176857028e-02,-3.569623085554987640e-01,-7.536449188744445693e-02,-2.518596194100122809e-01
2.556981452944169638e-04,-5.764515209284157282e-02,-1.972018780042247843e-02,-7.100477635541085908e-02,6.733007787593166260e-02,1.002244459866973719e-01,1.295414749398406395e-01,1.247849232788346280e-01,1.611109326756728355e-01,1.405308934167119606e-01,1.173464103304784067e-01,2.053635184941347280e-01,1.935970934354200312e-01,9.981926553402095670e-02,2.667618844468897521e-01,2.445434723692677392e-01,1.270592677697260087e-01,3.445828805695798080e-01,3.204545555182538030e-01,1.333543192236020802e-01,4.821451993664980784e-01,3.743262336535125301e-01,1.479369557784638578e-01,6.588960187647484590e-01,4.048452838819356914e-01,3.467107038602449953e-01,1.000000000000000000e+00,5.699036131292948282e-01,5.043023582863758181e-01,-2.772644678479178199e-02,3.560333726403764991e-03,1.420499692300084549e-01
-7.988040448974522562e-03,-2.122868595983859810e-02,9.803885400691143490e-03,-6.165615166646046946e-02,1.013043844421985112e-01,1.314473349448769535e-01,1.465350201319359225e-01,1.649262592834958852e-01,1.715143407293453215e-01,1.690511837075802104e-01,1.636160259828702834e-01,2.313609240460391681e-01,2.290045760702280053e-01,1.789420492151709008e-01,2.873282155287766315e-01,2.741701629094048243e-01,2.134883437729180045e-01,3.394246539007389485e-01,3.360164027711168844e-01,2.240149859688734257e-01,4.311600223572958357e-01,4.116707204815179821e-01,2.381656619004256237e-01,4.860500940622038968e-01,2.365996576069031299e-01,3.202028567039710838e-01,5.699036131292948282e-01,1.000000000000000000e+00,3.193501669966279377e-01,6.270829082916547226e-02,3.634851830195055117e-02,2.004363016095745964e-01
-1.900830406219205029e-02,-4.161354440194589902e-03,-1.098405239744696315e-03,-4.510959278756868085e-02,4.224921571901341100e-02,7.135593516354123145e-02,1.301164355648532986e-02,4.302309855171863179e-02,6.739784585030555997e-02,2.180440501472232992e-02,7.221744248626178753e-02,7.674798081274830652e-02,7.769308765322653632e-02,9.185768380825554136e-02,1.272157932692231097e-01,1.019893411375293324e-01,1.055072962749199206e-01,1.724653692728805587e-01,1.269431071795320276e-01,1.227820639996770047e-01,2.436648598747953309e-01,8.787086432064553088e-02,1.155703467436224180e-01,2.302981119213100003e-01,4.582485106645288742e-01,-5.728268264176857028e-02,5.043023582863758181e-01,3.193501669966279377e-01,1.000000000000000000e+00,4.626057404783225357e-01,5.063866903480971349e-01,6.117541857230124336e-01
7.016032052654732308e-03,7.644047763998455813e-02,6.018948502321527783e-02,1.376655527390286196e-02,4.987387673977191488e-02,-4.206777886832193704e-03,-4.655813420026410493e-02,-6.103864068073563791e-03,-7.781214449175222203e-02,-2.495081127685325195e-02,-4.038346216967209773e-02,-7.250212169940604967e-02,-1.802560586797059133e-02,-9.395859871606869473e-03,-5.776754952285351880e-02,-1.185029448867883604e-02,-7.428584739754910335e-03,-5.219069330409693147e-02,-2.556910039557576744e-02,1.392471005525309710e-02,-6.737344301623711396e-02,-7.021199511934107795e-02,5.908800800820868462e-03,-1.817767353725537605e-01,-7.712323638334872555e-02,-3.569623085554987640e-01,-2.772644678479178199e-02,6.270829082916547226e-02,4.626057404783225357e-01,1.000000000000000000e+00,5.298303883095378808e-01,8.167538236923574946e-01
-3.713580514605098470e-02,4.180055065471777187e-02,-5.246040909361403444e-03,-4.951740643364066496e-03,-3.400489267070519461e-02,-4.796749258338092042e-02,-1.023501700651689716e-01,-6.387895434982426845e-02,-7.582875262559014840e-02,-1.105764516510604895e-01,-6.219381337775959501e-02,-7.635053158221941083e-02,-9.394366947297175252e-02,-2.993944787887680911e-02,-5.409211361873477591e-02,-8.529539809973088471e-02,-3.242680282972586897e-02,-3.587518147942399954e-02,-7.817334368558769009e-02,-9.873098924854196989e-03,-1.444996664140099814e-02,-1.103371823764329185e-01,-3.585763019307265046e-03,-6.784321863271539077e-02,2.168531245287285136e-01,-7.536449188744445693e-02,3.560333726403764991e-03,3.634851830195055117e-02,5.063866903480971349e-01,5.298303883095378808e-01,1.000000000000000000e+00,5.848893715823521022e-01
-1.754434403607491033e-02,3.762013540352965313e-02,2.745729142006558474e-02,-4.794756908015057086e-03,4.279527026639940585e-02,2.974134617108028719e-02,-2.797883925000514346e-02,7.692041444557321667e-03,-1.559392754787145355e-02,-1.188196657186939287e-02,8.808503700771932315e-03,-2.372120810227627743e-03,2.593861488582917957e-02,3.782698220288320534e-02,2.325968376448362893e-02,3.755133720829408744e-02,4.854599780837710182e-02,4.259176366321813095e-02,4.639954939387703342e-02,7.448618491749066373e-02,5.018863989340779930e-02,8.567194054014440688e-03,7.457362078726692545e-02,-4.065202848042476225e-02,9.499687949030170830e-02,-2.518596194100122809e-01,1.420499692300084549e-01,2.004363016095745964e-01,6.117541857230124336e-01,8.167538236923574946e-01,5.848893715823521022e-01,1.000000000000000000e+00
