1.000000000000000000e+00,4.564885619629706071e-01,6.087846459711773184e-01,5.858028270283147654e-01,3.397547326783696420e-01,5.164552024638638938e-01,4.630731521107614990e-01,3.348291855831754815e-01,4.268087001120367541e-01,4.379290674897064473e-01,2.818039996574130401e-01,3.656471806511899514e-01,3.586638647915790790e-01,2.368152989726236834e-01,2.912336401428866073e-01,1.620706693128559361e-01
4.564885619629706071e-01,1.000000000000000000e+00,4.996967209250751663e-01,6.131622581495023150e-01,5.780526662042813069e-01,2.838930072381821712e-01,4.633130769430596207e-01,5.334886520466212145e-01,2.379510936116264463e-01,3.458734787173447511e-01,4.538536613361303096e-01,2.547661501997049438e-01,2.459594962672200236e-01,2.707456924830466405e-01,1.676638263285325503e-01,1.393037467761658599e-01
6.087846459711773184e-01,4.996967209250751663e-01,1.000000000000000000e+00,4.597329619622748664e-01,6.056394630775867594e-01,6.277866321977609854e-01,3.043130391934494861e-01,4.796217410036745510e-01,5.484018904686599472e-01,3.227430470126732009e-01,3.672476259539838028e-01,4.866997027580828306e-01,2.895262558704054245e-01,2.806527815015468774e-01,2.760228202923082352e-01,1.326290669787487109e-01
5.858028270283147654e-01,6.131622581495023150e-01,4.597329619622748664e-01,1.000000000000000000e+00,5.012639197703135929e-01,5.491521750018806269e-01,8.164588430426067411e-01,5.495704937555996317e-01,4.144053881060092981e-01,6.627352708533226222e-01,4.809505947485568367e-01,3.732766602344195217e-01,5.048477844861128938e-01,3.544499721545674165e-01,3.013356207037218293e-01,2.420862030978667145e-01
3.397547326783696420e-01,5.780526662042813069e-01,6.056394630775867594e-01,5.012639197703135929e-01,1.000000000000000000e+00,5.005163654146724816e-01,3.002451498146618825e-01,7.947617237871555940e-01,4.755017939191272802e-01,2.686932981783574648e-01,6.293716925826449149e-01,4.876892743954515663e-01,2.371142039807923874e-01,3.742257883344831670e-01,2.294581136402540633e-01,1.345855447954182604e-01
5.164552024638638938e-01,2.838930072381821712e-01,6.277866321977609854e-01,5.491521750018806269e-01,5.005163654146724816e-01,1.000000000000000000e+00,4.516865934573893737e-01,4.498827209098576474e-01,8.160027770528607283e-01,5.131571385879797331e-01,3.168484051718608030e-01,6.578535089079612375e-01,4.500383955294465221e-01,2.931923955855041952e-01,3.762729322206594951e-01,1.754096906922669452e-01
4.630731521107614990e-01,4.633130769430596207e-01,3.043130391934494861e-01,8.164588430426067411e-01,3.002451498146618825e-01,4.516865934573893737e-01,1.000000000000000000e+00,4.981786757062866555e-01,2.989774937165550761e-01,7.745868010428410555e-01,4.666567730450429385e-01,2.682202688263638501e-01,5.708975636238128315e-01,3.446387399805011520e-01,2.763363562558981412e-01,2.565476238114379748e-01
3.348291855831754815e-01,5.334886520466212145e-01,4.796217410036745510e-01,5.495704937555996317e-01,7.947617237871555940e-01,4.498827209098576474e-01,4.981786757062866555e-01,1.000000000000000000e+00,4.556210676386729941e-01,4.431417488596866572e-01,8.247112889409000669e-01,5.057044079346069143e-01,3.544563968882263327e-01,4.815399601892054737e-01,2.554906776752728370e-01,1.992660344989919396e-01
4.268087001120367541e-01,2.379510936116264463e-01,5.484018904686599472e-01,4.144053881060092981e-01,4.755017939191272802e-01,8.160027770528607283e-01,2.989774937165550761e-01,4.556210676386729941e-01,1.000000000000000000e+00,5.000717588217132858e-01,2.951229966489374856e-01,7.882327893725687984e-01,4.546353126568984382e-01,2.929662203401726117e-01,4.048766133582153981e-01,1.585175907131511353e-01
4.379290674897064473e-01,3.458734787173447511e-01,3.227430470126732009e-01,6.627352708533226222e-01,2.686932981783574648e-01,5.131571385879797331e-01,7.745868010428410555e-01,4.431417488596866572e-01,5.000717588217132858e-01,1.000000000000000000e+00,4.482060916710050580e-01,4.363058489825554775e-01,7.461082941996005635e-01,3.727314131650243945e-01,3.679315202543611552e-01,2.851338850887384924e-01
2.818039996574130401e-01,4.538536613361303096e-01,3.672476259539838028e-01,4.809505947485568367e-01,6.293716925826449149e-01,3.168484051718608030e-01,4.666567730450429385e-01,8.247112889409000669e-01,2.951229966489374856e-01,4.482060916710050580e-01,1.000000000000000000e+00,4.695465017125720619e-01,3.515838216510960290e-01,5.448151055324910175e-01,2.372402232317200599e-01,2.301252816116131361e-01
3.656471806511899514e-01,2.547661501997049438e-01,4.866997027580828306e-01,3.732766602344195217e-01,4.876892743954515663e-01,6.578535089079612375e-01,2.682202688263638501e-01,5.057044079346069143e-01,7.882327893725687984e-01,4.363058489825554775e-01,4.695465017125720619e-01,1.000000000000000000e+00,4.470331508394800313e-01,4.246402125512240278e-01,4.395873745488731443e-01,1.916639372899500426e-01
3.586638647915790790e-01,2.459594962672200236e-01,2.895262558704054245e-01,5.048477844861128938e-01,2.371142039807923874e-01,4.500383955294465221e-01,5.708975636238128315e-01,3.544563968882263327e-01,4.546353126568984382e-01,7.461082941996005635e-01,3.515838216510960290e-01,4.470331508394800313e-01,1.000000000000000000e+00,4.295103262229084673e-01,4.691861647817737735e-01,3.584392415542691501e-01
2.368152989726236834e-01,2.707456924830466405e-01,2.806527815015468774e-01,3.544499721545674165e-01,3.742257883344831670e-01,2.931923955855041952e-01,3.446387399805011520e-01,4.815399601892054737e-01,2.929662203401726117e-01,3.727314131650243945e-01,5.448151055324910175e-01,4.246402125512240278e-01,4.295103262229084673e-01,1.000000000000000000e+00,4.121419808567979848e-01,5.052176826129941567e-01
2.912336401428866073e-01,1.676638263285325503e-01,2.760228202923082352e-01,3.013356207037218293e-01,2.294581136402540633e-01,3.762729322206594951e-01,2.763363562558981412e-01,2.554906776752728370e-01,4.048766133582153981e-01,3.679315202543611552e-01,2.372402232317200599e-01,4.395873745488731443e-01,4.691861647817737735e-01,4.121419808567979848e-01,1.000000000000000000e+00,4.359591518502609619e-01
1.620706693128559361e-01,1.393037467761658599e-01,1.326290669787487109e-01,2.420862030978667145e-01,1.345855447954182604e-01,1.754096906922669452e-01,2.565476238114379748e-01,1.992660344989919396e-01,1.585175907131511353e-01,2.851338850887384924e-01,2.301252816116131361e-01,1.916639372899500426e-01,3.584392415542691501e-01,5.052176826129941567e-01,4.359591518502609619e-01,1.000000000000000000e+00
